sample_name	treatment	virus	timept	run_id	run_label	lane	barcode
DMSO_cntl_t1_1	DMSO	cntl	t1	FGC2634	F34	1	GTCCGTAAGC-CGTGTATCTT
DMSO_cntl_t1_1	DMSO	cntl	t1	FGC2634	F34	2	GTCCGTAAGC-CGTGTATCTT
DMSO_cntl_t1_1	DMSO	cntl	t1	FGC2639	F39	1	GTCCGTAAGC-CGTGTATCTT
DMSO_cntl_t1_1	DMSO	cntl	t1	FGC2639	F39	2	GTCCGTAAGC-CGTGTATCTT
DMSO_inf_t1_1	DMSO	inf	t1	FGC2634	F34	1	ACTTCAAGCG-GAACCATGAA
DMSO_inf_t1_1	DMSO	inf	t1	FGC2634	F34	2	ACTTCAAGCG-GAACCATGAA
DMSO_inf_t1_1	DMSO	inf	t1	FGC2639	F39	1	ACTTCAAGCG-GAACCATGAA
DMSO_inf_t1_1	DMSO	inf	t1	FGC2639	F39	2	ACTTCAAGCG-GAACCATGAA
HHQ_cntl_t2_2	HHQ	cntl	t2	FGC2634	F34	1	TCAGAAGGCG-GGCCATCATA
HHQ_cntl_t2_2	HHQ	cntl	t2	FGC2634	F34	2	TCAGAAGGCG-GGCCATCATA
HHQ_cntl_t2_2	HHQ	cntl	t2	FGC2639	F39	1	TCAGAAGGCG-GGCCATCATA
HHQ_cntl_t2_2	HHQ	cntl	t2	FGC2639	F39	2	TCAGAAGGCG-GGCCATCATA
HHQ_inf_t2_2	HHQ	inf	t2	FGC2634	F34	1	GCGTTGGTAT-ACATACTTCC
HHQ_inf_t2_2	HHQ	inf	t2	FGC2634	F34	2	GCGTTGGTAT-ACATACTTCC
HHQ_inf_t2_2	HHQ	inf	t2	FGC2639	F39	1	GCGTTGGTAT-ACATACTTCC
HHQ_inf_t2_2	HHQ	inf	t2	FGC2639	F39	2	GCGTTGGTAT-ACATACTTCC
DMSO_cntl_t3_3	DMSO	cntl	t3	FGC2634	F34	1	ACATATCCAG-TATGTGCAAT
DMSO_cntl_t3_3	DMSO	cntl	t3	FGC2634	F34	2	ACATATCCAG-TATGTGCAAT
DMSO_cntl_t3_3	DMSO	cntl	t3	FGC2639	F39	1	ACATATCCAG-TATGTGCAAT
DMSO_cntl_t3_3	DMSO	cntl	t3	FGC2639	F39	2	ACATATCCAG-TATGTGCAAT
DMSO_inf_t3_3	DMSO	inf	t3	FGC2634	F34	1	TCATAGATTG-GATTAAGGTG
DMSO_inf_t3_3	DMSO	inf	t3	FGC2634	F34	2	TCATAGATTG-GATTAAGGTG
DMSO_inf_t3_3	DMSO	inf	t3	FGC2639	F39	1	TCATAGATTG-GATTAAGGTG
DMSO_inf_t3_3	DMSO	inf	t3	FGC2639	F39	2	TCATAGATTG-GATTAAGGTG
HHQ_cntl_t4_4	HHQ	cntl	t4	FGC2634	F34	1	GTATTCCACC-ATGTAGACAA
HHQ_cntl_t4_4	HHQ	cntl	t4	FGC2634	F34	2	GTATTCCACC-ATGTAGACAA
HHQ_cntl_t4_4	HHQ	cntl	t4	FGC2639	F39	1	GTATTCCACC-ATGTAGACAA
HHQ_cntl_t4_4	HHQ	cntl	t4	FGC2639	F39	2	GTATTCCACC-ATGTAGACAA
HHQ_inf_t4_4	HHQ	inf	t4	FGC2634	F34	1	CCTCCGTCCA-CACATCGGTG
HHQ_inf_t4_4	HHQ	inf	t4	FGC2634	F34	2	CCTCCGTCCA-CACATCGGTG
HHQ_inf_t4_4	HHQ	inf	t4	FGC2639	F39	1	CCTCCGTCCA-CACATCGGTG
HHQ_inf_t4_4	HHQ	inf	t4	FGC2639	F39	2	CCTCCGTCCA-CACATCGGTG
HHQ_inf_t2_1	HHQ	inf	t2	FGC2634	F34	1	GAACTGAGCG-TCGTGGAGCG
HHQ_inf_t2_1	HHQ	inf	t2	FGC2634	F34	2	GAACTGAGCG-TCGTGGAGCG
HHQ_inf_t2_1	HHQ	inf	t2	FGC2639	F39	1	GAACTGAGCG-TCGTGGAGCG
HHQ_inf_t2_1	HHQ	inf	t2	FGC2639	F39	2	GAACTGAGCG-TCGTGGAGCG
HHQ_cntl_t2_4	HHQ	cntl	t2	FGC2634	F34	1	AGGTCAGATA-CTACAAGATA
HHQ_cntl_t2_4	HHQ	cntl	t2	FGC2634	F34	2	AGGTCAGATA-CTACAAGATA
HHQ_cntl_t2_4	HHQ	cntl	t2	FGC2639	F39	1	AGGTCAGATA-CTACAAGATA
HHQ_cntl_t2_4	HHQ	cntl	t2	FGC2639	F39	2	AGGTCAGATA-CTACAAGATA
HHQ_inf_t3_3	HHQ	inf	t3	FGC2634	F34	1	CGACATCCGA-TACGTTCATT
HHQ_inf_t3_3	HHQ	inf	t3	FGC2634	F34	2	CGACATCCGA-TACGTTCATT
HHQ_inf_t3_3	HHQ	inf	t3	FGC2639	F39	1	CGACATCCGA-TACGTTCATT
HHQ_inf_t3_3	HHQ	inf	t3	FGC2639	F39	2	CGACATCCGA-TACGTTCATT
DMSO_cntl_t3_1	DMSO	cntl	t3	FGC2634	F34	1	ATTCCATAAG-TGCCTGGTGG
DMSO_cntl_t3_1	DMSO	cntl	t3	FGC2634	F34	2	ATTCCATAAG-TGCCTGGTGG
DMSO_cntl_t3_1	DMSO	cntl	t3	FGC2639	F39	1	ATTCCATAAG-TGCCTGGTGG
DMSO_cntl_t3_1	DMSO	cntl	t3	FGC2639	F39	2	ATTCCATAAG-TGCCTGGTGG
DMSO_inf_t4_2	DMSO	inf	t4	FGC2634	F34	1	CACAATAGGA-TCCATCCGAG
DMSO_inf_t4_2	DMSO	inf	t4	FGC2634	F34	2	CACAATAGGA-TCCATCCGAG
DMSO_inf_t4_2	DMSO	inf	t4	FGC2639	F39	1	CACAATAGGA-TCCATCCGAG
DMSO_inf_t4_2	DMSO	inf	t4	FGC2639	F39	2	CACAATAGGA-TCCATCCGAG
HHQ_inf_t1_2	HHQ	inf	t1	FGC2634	F34	1	AACATCGCGC-GTCCACTTGT
HHQ_inf_t1_2	HHQ	inf	t1	FGC2634	F34	2	AACATCGCGC-GTCCACTTGT
HHQ_inf_t1_2	HHQ	inf	t1	FGC2639	F39	1	AACATCGCGC-GTCCACTTGT
HHQ_inf_t1_2	HHQ	inf	t1	FGC2639	F39	2	AACATCGCGC-GTCCACTTGT
DMSO_cntl_t2_1	DMSO	cntl	t2	FGC2634	F34	1	CTAGTGCTCT-TGGAACAGTA
DMSO_cntl_t2_1	DMSO	cntl	t2	FGC2634	F34	2	CTAGTGCTCT-TGGAACAGTA
DMSO_cntl_t2_1	DMSO	cntl	t2	FGC2639	F39	1	CTAGTGCTCT-TGGAACAGTA
DMSO_cntl_t2_1	DMSO	cntl	t2	FGC2639	F39	2	CTAGTGCTCT-TGGAACAGTA
DMSO_cntl_t4_1	DMSO	cntl	t4	FGC2634	F34	1	GATCAAGGCA-CCTTGTTAAT
DMSO_cntl_t4_1	DMSO	cntl	t4	FGC2634	F34	2	GATCAAGGCA-CCTTGTTAAT
DMSO_cntl_t4_1	DMSO	cntl	t4	FGC2639	F39	1	GATCAAGGCA-CCTTGTTAAT
DMSO_cntl_t4_1	DMSO	cntl	t4	FGC2639	F39	2	GATCAAGGCA-CCTTGTTAAT
HHQ_inf_t4_3	HHQ	inf	t4	FGC2634	F34	1	GACTGAGTAG-GTTGATAGTG
HHQ_inf_t4_3	HHQ	inf	t4	FGC2634	F34	2	GACTGAGTAG-GTTGATAGTG
HHQ_inf_t4_3	HHQ	inf	t4	FGC2639	F39	1	GACTGAGTAG-GTTGATAGTG
HHQ_inf_t4_3	HHQ	inf	t4	FGC2639	F39	2	GACTGAGTAG-GTTGATAGTG
DMSO_inf_t1_5	DMSO	inf	t1	FGC2634	F34	1	AGTCAGACGA-ACCAGCGACA
DMSO_inf_t1_5	DMSO	inf	t1	FGC2634	F34	2	AGTCAGACGA-ACCAGCGACA
DMSO_inf_t1_5	DMSO	inf	t1	FGC2639	F39	1	AGTCAGACGA-ACCAGCGACA
DMSO_inf_t1_5	DMSO	inf	t1	FGC2639	F39	2	AGTCAGACGA-ACCAGCGACA
HHQ_cntl_t4_2	HHQ	cntl	t4	FGC2634	F34	1	CCGTATGTTC-CATACACTGT
HHQ_cntl_t4_2	HHQ	cntl	t4	FGC2634	F34	2	CCGTATGTTC-CATACACTGT
HHQ_cntl_t4_2	HHQ	cntl	t4	FGC2639	F39	1	CCGTATGTTC-CATACACTGT
HHQ_cntl_t4_2	HHQ	cntl	t4	FGC2639	F39	2	CCGTATGTTC-CATACACTGT
HHQ_cntl_t3_3	HHQ	cntl	t3	FGC2634	F34	1	GAGTCATAGG-GTGTGGCGCT
HHQ_cntl_t3_3	HHQ	cntl	t3	FGC2634	F34	2	GAGTCATAGG-GTGTGGCGCT
HHQ_cntl_t3_3	HHQ	cntl	t3	FGC2639	F39	1	GAGTCATAGG-GTGTGGCGCT
HHQ_cntl_t3_3	HHQ	cntl	t3	FGC2639	F39	2	GAGTCATAGG-GTGTGGCGCT
HHQ_cntl_t1_1	HHQ	cntl	t1	FGC2634	F34	1	CTTGCCATTA-ATCACGAAGG
HHQ_cntl_t1_1	HHQ	cntl	t1	FGC2634	F34	2	CTTGCCATTA-ATCACGAAGG
HHQ_cntl_t1_1	HHQ	cntl	t1	FGC2639	F39	1	CTTGCCATTA-ATCACGAAGG
HHQ_cntl_t1_1	HHQ	cntl	t1	FGC2639	F39	2	CTTGCCATTA-ATCACGAAGG
DMSO_inf_t2_3	DMSO	inf	t2	FGC2634	F34	1	GAAGCGGCAC-CGGCTCTACT
DMSO_inf_t2_3	DMSO	inf	t2	FGC2634	F34	2	GAAGCGGCAC-CGGCTCTACT
DMSO_inf_t2_3	DMSO	inf	t2	FGC2639	F39	1	GAAGCGGCAC-CGGCTCTACT
DMSO_inf_t2_3	DMSO	inf	t2	FGC2639	F39	2	GAAGCGGCAC-CGGCTCTACT
HHQ_cntl_t3_2	HHQ	cntl	t3	FGC2634	F34	1	TATTGCGCTC-CTGTGTTAGG
HHQ_cntl_t3_2	HHQ	cntl	t3	FGC2634	F34	2	TATTGCGCTC-CTGTGTTAGG
HHQ_cntl_t3_2	HHQ	cntl	t3	FGC2639	F39	1	TATTGCGCTC-CTGTGTTAGG
HHQ_cntl_t3_2	HHQ	cntl	t3	FGC2639	F39	2	TATTGCGCTC-CTGTGTTAGG
DMSO_cntl_t3_4	DMSO	cntl	t3	FGC2634	F34	1	ATGGTTGACT-GGCCTGTCCT
DMSO_cntl_t3_4	DMSO	cntl	t3	FGC2634	F34	2	ATGGTTGACT-GGCCTGTCCT
DMSO_cntl_t3_4	DMSO	cntl	t3	FGC2639	F39	1	ATGGTTGACT-GGCCTGTCCT
DMSO_cntl_t3_4	DMSO	cntl	t3	FGC2639	F39	2	ATGGTTGACT-GGCCTGTCCT
HHQ_inf_t4_1	HHQ	inf	t4	FGC2634	F34	1	GATAGGCCGA-CGCACATGGC
HHQ_inf_t4_1	HHQ	inf	t4	FGC2634	F34	2	GATAGGCCGA-CGCACATGGC
HHQ_inf_t4_1	HHQ	inf	t4	FGC2639	F39	1	GATAGGCCGA-CGCACATGGC
HHQ_inf_t4_1	HHQ	inf	t4	FGC2639	F39	2	GATAGGCCGA-CGCACATGGC
HHQ_inf_t3_4	HHQ	inf	t3	FGC2634	F34	1	CCATCATTAG-GGTTGCCTCT
HHQ_inf_t3_4	HHQ	inf	t3	FGC2634	F34	2	CCATCATTAG-GGTTGCCTCT
HHQ_inf_t3_4	HHQ	inf	t3	FGC2639	F39	1	CCATCATTAG-GGTTGCCTCT
HHQ_inf_t3_4	HHQ	inf	t3	FGC2639	F39	2	CCATCATTAG-GGTTGCCTCT
HHQ_cntl_t1_3	HHQ	cntl	t1	FGC2634	F34	1	AGAGGCAACC-CTAATGATGG
HHQ_cntl_t1_3	HHQ	cntl	t1	FGC2634	F34	2	AGAGGCAACC-CTAATGATGG
HHQ_cntl_t1_3	HHQ	cntl	t1	FGC2639	F39	1	AGAGGCAACC-CTAATGATGG
HHQ_cntl_t1_3	HHQ	cntl	t1	FGC2639	F39	2	AGAGGCAACC-CTAATGATGG
DMSO_inf_t1_2	DMSO	inf	t1	FGC2634	F34	1	GAGAATGGTT-TCGGCAGCAA
DMSO_inf_t1_2	DMSO	inf	t1	FGC2634	F34	2	GAGAATGGTT-TCGGCAGCAA
DMSO_inf_t1_2	DMSO	inf	t1	FGC2639	F39	1	GAGAATGGTT-TCGGCAGCAA
DMSO_inf_t1_2	DMSO	inf	t1	FGC2639	F39	2	GAGAATGGTT-TCGGCAGCAA
HHQ_cntl_t4_5	HHQ	cntl	t4	FGC2634	F34	1	CGGTTACGGC-AAGACTATAG
HHQ_cntl_t4_5	HHQ	cntl	t4	FGC2634	F34	2	CGGTTACGGC-AAGACTATAG
HHQ_cntl_t4_5	HHQ	cntl	t4	FGC2639	F39	1	CGGTTACGGC-AAGACTATAG
HHQ_cntl_t4_5	HHQ	cntl	t4	FGC2639	F39	2	CGGTTACGGC-AAGACTATAG
HHQ_inf_t2_5	HHQ	inf	t2	FGC2634	F34	1	TCCATTGCCG-GAATGCACGA
HHQ_inf_t2_5	HHQ	inf	t2	FGC2634	F34	2	TCCATTGCCG-GAATGCACGA
HHQ_inf_t2_5	HHQ	inf	t2	FGC2639	F39	1	TCCATTGCCG-GAATGCACGA
HHQ_inf_t2_5	HHQ	inf	t2	FGC2639	F39	2	TCCATTGCCG-GAATGCACGA
DMSO_cntl_t1_5	DMSO	cntl	t1	FGC2634	F34	1	ACGCCTTGTT-TAAGGAACGT
DMSO_cntl_t1_5	DMSO	cntl	t1	FGC2634	F34	2	ACGCCTTGTT-TAAGGAACGT
DMSO_cntl_t1_5	DMSO	cntl	t1	FGC2639	F39	1	ACGCCTTGTT-TAAGGAACGT
DMSO_cntl_t1_5	DMSO	cntl	t1	FGC2639	F39	2	ACGCCTTGTT-TAAGGAACGT
DMSO_cntl_t4_4	DMSO	cntl	t4	FGC2634	F34	1	TTCTACATAC-CTAACTGTAA
DMSO_cntl_t4_4	DMSO	cntl	t4	FGC2634	F34	2	TTCTACATAC-CTAACTGTAA
DMSO_cntl_t4_4	DMSO	cntl	t4	FGC2639	F39	1	TTCTACATAC-CTAACTGTAA
DMSO_cntl_t4_4	DMSO	cntl	t4	FGC2639	F39	2	TTCTACATAC-CTAACTGTAA
DMSO_inf_t2_1	DMSO	inf	t2	FGC2634	F34	1	GCCGCACTCT-TCCGACCTCG
DMSO_inf_t2_1	DMSO	inf	t2	FGC2634	F34	2	GCCGCACTCT-TCCGACCTCG
DMSO_inf_t2_1	DMSO	inf	t2	FGC2639	F39	1	GCCGCACTCT-TCCGACCTCG
DMSO_inf_t2_1	DMSO	inf	t2	FGC2639	F39	2	GCCGCACTCT-TCCGACCTCG
DMSO_cntl_t2_2	DMSO	cntl	t2	FGC2634	F34	1	ACCACGACAT-TCGTATGCGG
DMSO_cntl_t2_2	DMSO	cntl	t2	FGC2634	F34	2	ACCACGACAT-TCGTATGCGG
DMSO_cntl_t2_2	DMSO	cntl	t2	FGC2639	F39	1	ACCACGACAT-TCGTATGCGG
DMSO_cntl_t2_2	DMSO	cntl	t2	FGC2639	F39	2	ACCACGACAT-TCGTATGCGG
DMSO_inf_t4_1	DMSO	inf	t4	FGC2634	F34	1	TAAGCATCCA-TCAATCCATT
DMSO_inf_t4_1	DMSO	inf	t4	FGC2634	F34	2	TAAGCATCCA-TCAATCCATT
DMSO_inf_t4_1	DMSO	inf	t4	FGC2639	F39	1	TAAGCATCCA-TCAATCCATT
DMSO_inf_t4_1	DMSO	inf	t4	FGC2639	F39	2	TAAGCATCCA-TCAATCCATT
DMSO_inf_t3_5	DMSO	inf	t3	FGC2634	F34	1	GGTTGCGAGG-AATAGAGCAA
DMSO_inf_t3_5	DMSO	inf	t3	FGC2634	F34	2	GGTTGCGAGG-AATAGAGCAA
DMSO_inf_t3_5	DMSO	inf	t3	FGC2639	F39	1	GGTTGCGAGG-AATAGAGCAA
DMSO_inf_t3_5	DMSO	inf	t3	FGC2639	F39	2	GGTTGCGAGG-AATAGAGCAA
HHQ_inf_t1_5	HHQ	inf	t1	FGC2634	F34	1	AACCATAGAA-GGCGAGATGG
HHQ_inf_t1_5	HHQ	inf	t1	FGC2634	F34	2	AACCATAGAA-GGCGAGATGG
HHQ_inf_t1_5	HHQ	inf	t1	FGC2639	F39	1	AACCATAGAA-GGCGAGATGG
HHQ_inf_t1_5	HHQ	inf	t1	FGC2639	F39	2	AACCATAGAA-GGCGAGATGG
DMSO_inf_t4_5	DMSO	inf	t4	FGC2634	F34	1	ACAGTGTATG-GAACATACGG
DMSO_inf_t4_5	DMSO	inf	t4	FGC2634	F34	2	ACAGTGTATG-GAACATACGG
DMSO_inf_t4_5	DMSO	inf	t4	FGC2639	F39	1	ACAGTGTATG-GAACATACGG
DMSO_inf_t4_5	DMSO	inf	t4	FGC2639	F39	2	ACAGTGTATG-GAACATACGG
DMSO_cntl_t3_2	DMSO	cntl	t3	FGC2634	F34	1	GTGACACGCA-GCTTACGGAC
DMSO_cntl_t3_2	DMSO	cntl	t3	FGC2634	F34	2	GTGACACGCA-GCTTACGGAC
DMSO_cntl_t3_2	DMSO	cntl	t3	FGC2639	F39	1	GTGACACGCA-GCTTACGGAC
DMSO_cntl_t3_2	DMSO	cntl	t3	FGC2639	F39	2	GTGACACGCA-GCTTACGGAC
DMSO_cntl_t4_3	DMSO	cntl	t4	FGC2634	F34	1	CCACCAGGCA-CTTATGGAAT
DMSO_cntl_t4_3	DMSO	cntl	t4	FGC2634	F34	2	CCACCAGGCA-CTTATGGAAT
DMSO_cntl_t4_3	DMSO	cntl	t4	FGC2639	F39	1	CCACCAGGCA-CTTATGGAAT
DMSO_cntl_t4_3	DMSO	cntl	t4	FGC2639	F39	2	CCACCAGGCA-CTTATGGAAT
HHQ_cntl_t3_1	HHQ	cntl	t3	FGC2634	F34	1	TGTAATCGAC-GATCACCGCG
HHQ_cntl_t3_1	HHQ	cntl	t3	FGC2634	F34	2	TGTAATCGAC-GATCACCGCG
HHQ_cntl_t3_1	HHQ	cntl	t3	FGC2639	F39	1	TGTAATCGAC-GATCACCGCG
HHQ_cntl_t3_1	HHQ	cntl	t3	FGC2639	F39	2	TGTAATCGAC-GATCACCGCG
DMSO_inf_t2_5	DMSO	inf	t2	FGC2634	F34	1	ACCGGCCGTA-TGGCAATATT
DMSO_inf_t2_5	DMSO	inf	t2	FGC2634	F34	2	ACCGGCCGTA-TGGCAATATT
DMSO_inf_t2_5	DMSO	inf	t2	FGC2639	F39	1	ACCGGCCGTA-TGGCAATATT
DMSO_inf_t2_5	DMSO	inf	t2	FGC2639	F39	2	ACCGGCCGTA-TGGCAATATT
DMSO_inf_t3_4	DMSO	inf	t3	FGC2634	F34	1	GGTAACTCGC-AAGTTGGTGA
DMSO_inf_t3_4	DMSO	inf	t3	FGC2634	F34	2	GGTAACTCGC-AAGTTGGTGA
DMSO_inf_t3_4	DMSO	inf	t3	FGC2639	F39	1	GGTAACTCGC-AAGTTGGTGA
DMSO_inf_t3_4	DMSO	inf	t3	FGC2639	F39	2	GGTAACTCGC-AAGTTGGTGA
HHQ_inf_t1_3	HHQ	inf	t1	FGC2634	F34	1	CAGCCGCGTA-ACTAGCCGTG
HHQ_inf_t1_3	HHQ	inf	t1	FGC2634	F34	2	CAGCCGCGTA-ACTAGCCGTG
HHQ_inf_t1_3	HHQ	inf	t1	FGC2639	F39	1	CAGCCGCGTA-ACTAGCCGTG
HHQ_inf_t1_3	HHQ	inf	t1	FGC2639	F39	2	CAGCCGCGTA-ACTAGCCGTG
DMSO_cntl_t2_4	DMSO	cntl	t2	FGC2634	F34	1	TGATTATACG-GTCGATTACA
DMSO_cntl_t2_4	DMSO	cntl	t2	FGC2634	F34	2	TGATTATACG-GTCGATTACA
DMSO_cntl_t2_4	DMSO	cntl	t2	FGC2639	F39	1	TGATTATACG-GTCGATTACA
DMSO_cntl_t2_4	DMSO	cntl	t2	FGC2639	F39	2	TGATTATACG-GTCGATTACA
HHQ_inf_t4_2	HHQ	inf	t4	FGC2634	F34	1	TATGTAGTCA-CGCACTAATG
HHQ_inf_t4_2	HHQ	inf	t4	FGC2634	F34	2	TATGTAGTCA-CGCACTAATG
HHQ_inf_t4_2	HHQ	inf	t4	FGC2639	F39	1	TATGTAGTCA-CGCACTAATG
HHQ_inf_t4_2	HHQ	inf	t4	FGC2639	F39	2	TATGTAGTCA-CGCACTAATG
HHQ_cntl_t2_5	HHQ	cntl	t2	FGC2634	F34	1	CAATCGGCTG-GCTGTAGGAA
HHQ_cntl_t2_5	HHQ	cntl	t2	FGC2634	F34	2	CAATCGGCTG-GCTGTAGGAA
HHQ_cntl_t2_5	HHQ	cntl	t2	FGC2639	F39	1	CAATCGGCTG-GCTGTAGGAA
HHQ_cntl_t2_5	HHQ	cntl	t2	FGC2639	F39	2	CAATCGGCTG-GCTGTAGGAA
DMSO_inf_t1_4	DMSO	inf	t1	FGC2634	F34	1	GTGCAGACAG-TACCATCCGT
DMSO_inf_t1_4	DMSO	inf	t1	FGC2634	F34	2	GTGCAGACAG-TACCATCCGT
DMSO_inf_t1_4	DMSO	inf	t1	FGC2639	F39	1	GTGCAGACAG-TACCATCCGT
DMSO_inf_t1_4	DMSO	inf	t1	FGC2639	F39	2	GTGCAGACAG-TACCATCCGT
DMSO_cntl_t1_4	DMSO	cntl	t1	FGC2634	F34	1	CCATCTCGCC-TTCTATGGTT
DMSO_cntl_t1_4	DMSO	cntl	t1	FGC2634	F34	2	CCATCTCGCC-TTCTATGGTT
DMSO_cntl_t1_4	DMSO	cntl	t1	FGC2639	F39	1	CCATCTCGCC-TTCTATGGTT
DMSO_cntl_t1_4	DMSO	cntl	t1	FGC2639	F39	2	CCATCTCGCC-TTCTATGGTT
HHQ_cntl_t1_4	HHQ	cntl	t1	FGC2634	F34	1	GTCTAATGGC-AGTGGTCAGG
HHQ_cntl_t1_4	HHQ	cntl	t1	FGC2634	F34	2	GTCTAATGGC-AGTGGTCAGG
HHQ_cntl_t1_4	HHQ	cntl	t1	FGC2639	F39	1	GTCTAATGGC-AGTGGTCAGG
HHQ_cntl_t1_4	HHQ	cntl	t1	FGC2639	F39	2	GTCTAATGGC-AGTGGTCAGG
HHQ_inf_t3_1	HHQ	inf	t3	FGC2634	F34	1	ACTCGGCAAT-GACAACTGAA
HHQ_inf_t3_1	HHQ	inf	t3	FGC2634	F34	2	ACTCGGCAAT-GACAACTGAA
HHQ_inf_t3_1	HHQ	inf	t3	FGC2639	F39	1	ACTCGGCAAT-GACAACTGAA
HHQ_inf_t3_1	HHQ	inf	t3	FGC2639	F39	2	ACTCGGCAAT-GACAACTGAA
DMSO_inf_t4_4	DMSO	inf	t4	FGC2634	F34	1	ACTCTATTGT-ATCGCATATG
DMSO_inf_t4_4	DMSO	inf	t4	FGC2634	F34	2	ACTCTATTGT-ATCGCATATG
DMSO_inf_t4_4	DMSO	inf	t4	FGC2639	F39	1	ACTCTATTGT-ATCGCATATG
DMSO_inf_t4_4	DMSO	inf	t4	FGC2639	F39	2	ACTCTATTGT-ATCGCATATG
DMSO_cntl_t1_3	DMSO	cntl	t1	FGC2634	F34	1	TAGCATAACC-GCTATGCGCA
DMSO_cntl_t1_3	DMSO	cntl	t1	FGC2634	F34	2	TAGCATAACC-GCTATGCGCA
DMSO_cntl_t1_3	DMSO	cntl	t1	FGC2639	F39	1	TAGCATAACC-GCTATGCGCA
DMSO_cntl_t1_3	DMSO	cntl	t1	FGC2639	F39	2	TAGCATAACC-GCTATGCGCA
DMSO_inf_t3_2	DMSO	inf	t3	FGC2634	F34	1	CTATTACTAC-GAGTCTCTCC
DMSO_inf_t3_2	DMSO	inf	t3	FGC2634	F34	2	CTATTACTAC-GAGTCTCTCC
DMSO_inf_t3_2	DMSO	inf	t3	FGC2639	F39	1	CTATTACTAC-GAGTCTCTCC
DMSO_inf_t3_2	DMSO	inf	t3	FGC2639	F39	2	CTATTACTAC-GAGTCTCTCC
HHQ_cntl_t4_1	HHQ	cntl	t4	FGC2634	F34	1	TAGTTCGGTA-CCATGTGTAG
HHQ_cntl_t4_1	HHQ	cntl	t4	FGC2634	F34	2	TAGTTCGGTA-CCATGTGTAG
HHQ_cntl_t4_1	HHQ	cntl	t4	FGC2639	F39	1	TAGTTCGGTA-CCATGTGTAG
HHQ_cntl_t4_1	HHQ	cntl	t4	FGC2639	F39	2	TAGTTCGGTA-CCATGTGTAG
HHQ_cntl_t2_3	HHQ	cntl	t2	FGC2634	F34	1	TGATGTAAGA-GTGCGTCCTT
HHQ_cntl_t2_3	HHQ	cntl	t2	FGC2634	F34	2	TGATGTAAGA-GTGCGTCCTT
HHQ_cntl_t2_3	HHQ	cntl	t2	FGC2639	F39	1	TGATGTAAGA-GTGCGTCCTT
HHQ_cntl_t2_3	HHQ	cntl	t2	FGC2639	F39	2	TGATGTAAGA-GTGCGTCCTT
DMSO_inf_t2_4	DMSO	inf	t2	FGC2634	F34	1	CCTGTCTGTC-ACTGTTGTGA
DMSO_inf_t2_4	DMSO	inf	t2	FGC2634	F34	2	CCTGTCTGTC-ACTGTTGTGA
DMSO_inf_t2_4	DMSO	inf	t2	FGC2639	F39	1	CCTGTCTGTC-ACTGTTGTGA
DMSO_inf_t2_4	DMSO	inf	t2	FGC2639	F39	2	CCTGTCTGTC-ACTGTTGTGA
HHQ_inf_t1_4	HHQ	inf	t1	FGC2634	F34	1	GACACCATGT-TCAACGTGTA
HHQ_inf_t1_4	HHQ	inf	t1	FGC2634	F34	2	GACACCATGT-TCAACGTGTA
HHQ_inf_t1_4	HHQ	inf	t1	FGC2639	F39	1	GACACCATGT-TCAACGTGTA
HHQ_inf_t1_4	HHQ	inf	t1	FGC2639	F39	2	GACACCATGT-TCAACGTGTA
DMSO_cntl_t4_5	DMSO	cntl	t4	FGC2634	F34	1	AGTGTTGCAC-CTGGTACACG
DMSO_cntl_t4_5	DMSO	cntl	t4	FGC2634	F34	2	AGTGTTGCAC-CTGGTACACG
DMSO_cntl_t4_5	DMSO	cntl	t4	FGC2639	F39	1	AGTGTTGCAC-CTGGTACACG
DMSO_cntl_t4_5	DMSO	cntl	t4	FGC2639	F39	2	AGTGTTGCAC-CTGGTACACG
HHQ_inf_t2_3	HHQ	inf	t2	FGC2634	F34	1	CAGTGGCACT-TAACAATAGG
HHQ_inf_t2_3	HHQ	inf	t2	FGC2634	F34	2	CAGTGGCACT-TAACAATAGG
HHQ_inf_t2_3	HHQ	inf	t2	FGC2639	F39	1	CAGTGGCACT-TAACAATAGG
HHQ_inf_t2_3	HHQ	inf	t2	FGC2639	F39	2	CAGTGGCACT-TAACAATAGG
DMSO_cntl_t2_3	DMSO	cntl	t2	FGC2634	F34	1	GTCCTGGATA-CGGTGGCGAA
DMSO_cntl_t2_3	DMSO	cntl	t2	FGC2634	F34	2	GTCCTGGATA-CGGTGGCGAA
DMSO_cntl_t2_3	DMSO	cntl	t2	FGC2639	F39	1	GTCCTGGATA-CGGTGGCGAA
DMSO_cntl_t2_3	DMSO	cntl	t2	FGC2639	F39	2	GTCCTGGATA-CGGTGGCGAA
HHQ_inf_t3_2	HHQ	inf	t3	FGC2634	F34	1	GCAACATGGA-CTTGTCTTAA
HHQ_inf_t3_2	HHQ	inf	t3	FGC2634	F34	2	GCAACATGGA-CTTGTCTTAA
HHQ_inf_t3_2	HHQ	inf	t3	FGC2639	F39	1	GCAACATGGA-CTTGTCTTAA
HHQ_inf_t3_2	HHQ	inf	t3	FGC2639	F39	2	GCAACATGGA-CTTGTCTTAA
HHQ_cntl_t1_5	HHQ	cntl	t1	FGC2634	F34	1	CGTTATTCTA-CCATAAGGTT
HHQ_cntl_t1_5	HHQ	cntl	t1	FGC2634	F34	2	CGTTATTCTA-CCATAAGGTT
HHQ_cntl_t1_5	HHQ	cntl	t1	FGC2639	F39	1	CGTTATTCTA-CCATAAGGTT
HHQ_cntl_t1_5	HHQ	cntl	t1	FGC2639	F39	2	CGTTATTCTA-CCATAAGGTT
HHQ_cntl_t3_5	HHQ	cntl	t3	FGC2634	F34	1	CTGCGAGCCA-AATCCGGCCA
HHQ_cntl_t3_5	HHQ	cntl	t3	FGC2634	F34	2	CTGCGAGCCA-AATCCGGCCA
HHQ_cntl_t3_5	HHQ	cntl	t3	FGC2639	F39	1	CTGCGAGCCA-AATCCGGCCA
HHQ_cntl_t3_5	HHQ	cntl	t3	FGC2639	F39	2	CTGCGAGCCA-AATCCGGCCA
HHQ_inf_t2_4	HHQ	inf	t2	FGC2634	F34	1	GGCAAGCCAG-CAAGCATCCG
HHQ_inf_t2_4	HHQ	inf	t2	FGC2634	F34	2	GGCAAGCCAG-CAAGCATCCG
HHQ_inf_t2_4	HHQ	inf	t2	FGC2639	F39	1	GGCAAGCCAG-CAAGCATCCG
HHQ_inf_t2_4	HHQ	inf	t2	FGC2639	F39	2	GGCAAGCCAG-CAAGCATCCG
DMSO_cntl_t1_2	DMSO	cntl	t1	FGC2634	F34	1	ACGGTCAGGA-CGGCCTCGTT
DMSO_cntl_t1_2	DMSO	cntl	t1	FGC2634	F34	2	ACGGTCAGGA-CGGCCTCGTT
DMSO_cntl_t1_2	DMSO	cntl	t1	FGC2639	F39	1	ACGGTCAGGA-CGGCCTCGTT
DMSO_cntl_t1_2	DMSO	cntl	t1	FGC2639	F39	2	ACGGTCAGGA-CGGCCTCGTT
HHQ_cntl_t4_3	HHQ	cntl	t4	FGC2634	F34	1	CATTAGTGCG-TGACTACATA
HHQ_cntl_t4_3	HHQ	cntl	t4	FGC2634	F34	2	CATTAGTGCG-TGACTACATA
HHQ_cntl_t4_3	HHQ	cntl	t4	FGC2639	F39	1	CATTAGTGCG-TGACTACATA
HHQ_cntl_t4_3	HHQ	cntl	t4	FGC2639	F39	2	CATTAGTGCG-TGACTACATA
DMSO_inf_t2_2	DMSO	inf	t2	FGC2634	F34	1	TCTGGTATCC-CGTTGCTTAC
DMSO_inf_t2_2	DMSO	inf	t2	FGC2634	F34	2	TCTGGTATCC-CGTTGCTTAC
DMSO_inf_t2_2	DMSO	inf	t2	FGC2639	F39	1	TCTGGTATCC-CGTTGCTTAC
DMSO_inf_t2_2	DMSO	inf	t2	FGC2639	F39	2	TCTGGTATCC-CGTTGCTTAC
DMSO_inf_t3_1	DMSO	inf	t3	FGC2634	F34	1	GCGTGGATGG-TTGACCAATG
DMSO_inf_t3_1	DMSO	inf	t3	FGC2634	F34	2	GCGTGGATGG-TTGACCAATG
DMSO_inf_t3_1	DMSO	inf	t3	FGC2639	F39	1	GCGTGGATGG-TTGACCAATG
DMSO_inf_t3_1	DMSO	inf	t3	FGC2639	F39	2	GCGTGGATGG-TTGACCAATG
HHQ_cntl_t3_4	HHQ	cntl	t3	FGC2634	F34	1	TTCACGAGAC-AGATTGTTAC
HHQ_cntl_t3_4	HHQ	cntl	t3	FGC2634	F34	2	TTCACGAGAC-AGATTGTTAC
HHQ_cntl_t3_4	HHQ	cntl	t3	FGC2639	F39	1	TTCACGAGAC-AGATTGTTAC
HHQ_cntl_t3_4	HHQ	cntl	t3	FGC2639	F39	2	TTCACGAGAC-AGATTGTTAC
HHQ_cntl_t1_2	HHQ	cntl	t1	FGC2634	F34	1	CGAGGCCAAG-GTGTTACCGG
HHQ_cntl_t1_2	HHQ	cntl	t1	FGC2634	F34	2	CGAGGCCAAG-GTGTTACCGG
HHQ_cntl_t1_2	HHQ	cntl	t1	FGC2639	F39	1	CGAGGCCAAG-GTGTTACCGG
HHQ_cntl_t1_2	HHQ	cntl	t1	FGC2639	F39	2	CGAGGCCAAG-GTGTTACCGG
HHQ_cntl_t2_1	HHQ	cntl	t2	FGC2634	F34	1	TCTCATGATA-AACACGTGGA
HHQ_cntl_t2_1	HHQ	cntl	t2	FGC2634	F34	2	TCTCATGATA-AACACGTGGA
HHQ_cntl_t2_1	HHQ	cntl	t2	FGC2639	F39	1	TCTCATGATA-AACACGTGGA
HHQ_cntl_t2_1	HHQ	cntl	t2	FGC2639	F39	2	TCTCATGATA-AACACGTGGA
HHQ_inf_t1_1	HHQ	inf	t1	FGC2634	F34	1	GGAGCGTGTA-ATCCGTAAGT
HHQ_inf_t1_1	HHQ	inf	t1	FGC2634	F34	2	GGAGCGTGTA-ATCCGTAAGT
HHQ_inf_t1_1	HHQ	inf	t1	FGC2639	F39	1	GGAGCGTGTA-ATCCGTAAGT
HHQ_inf_t1_1	HHQ	inf	t1	FGC2639	F39	2	GGAGCGTGTA-ATCCGTAAGT
DMSO_inf_t4_3	DMSO	inf	t4	FGC2634	F34	1	CCTCTACATG-GATACCTCCT
DMSO_inf_t4_3	DMSO	inf	t4	FGC2634	F34	2	CCTCTACATG-GATACCTCCT
DMSO_inf_t4_3	DMSO	inf	t4	FGC2639	F39	1	CCTCTACATG-GATACCTCCT
DMSO_inf_t4_3	DMSO	inf	t4	FGC2639	F39	2	CCTCTACATG-GATACCTCCT
DMSO_cntl_t4_2	DMSO	cntl	t4	FGC2634	F34	1	TTGGAATTCC-ACGTCAATAC
DMSO_cntl_t4_2	DMSO	cntl	t4	FGC2634	F34	2	TTGGAATTCC-ACGTCAATAC
DMSO_cntl_t4_2	DMSO	cntl	t4	FGC2639	F39	1	TTGGAATTCC-ACGTCAATAC
DMSO_cntl_t4_2	DMSO	cntl	t4	FGC2639	F39	2	TTGGAATTCC-ACGTCAATAC
HHQ_inf_t3_5	HHQ	inf	t3	FGC2634	F34	1	TGGTACCTAA-CATGAGTACT
HHQ_inf_t3_5	HHQ	inf	t3	FGC2634	F34	2	TGGTACCTAA-CATGAGTACT
HHQ_inf_t3_5	HHQ	inf	t3	FGC2639	F39	1	TGGTACCTAA-CATGAGTACT
HHQ_inf_t3_5	HHQ	inf	t3	FGC2639	F39	2	TGGTACCTAA-CATGAGTACT
HHQ_inf_t4_5	HHQ	inf	t4	FGC2634	F34	1	ACTGGATCTA-TCGCCGCTAG
HHQ_inf_t4_5	HHQ	inf	t4	FGC2634	F34	2	ACTGGATCTA-TCGCCGCTAG
HHQ_inf_t4_5	HHQ	inf	t4	FGC2639	F39	1	ACTGGATCTA-TCGCCGCTAG
HHQ_inf_t4_5	HHQ	inf	t4	FGC2639	F39	2	ACTGGATCTA-TCGCCGCTAG
DMSO_cntl_t3_5	DMSO	cntl	t3	FGC2634	F34	1	TATGCCTTAC-AGACACATTA
DMSO_cntl_t3_5	DMSO	cntl	t3	FGC2634	F34	2	TATGCCTTAC-AGACACATTA
DMSO_cntl_t3_5	DMSO	cntl	t3	FGC2639	F39	1	TATGCCTTAC-AGACACATTA
DMSO_cntl_t3_5	DMSO	cntl	t3	FGC2639	F39	2	TATGCCTTAC-AGACACATTA
DMSO_cntl_t2_5	DMSO	cntl	t2	FGC2634	F34	1	ACCGTTACAA-CTCATAGCGA
DMSO_cntl_t2_5	DMSO	cntl	t2	FGC2634	F34	2	ACCGTTACAA-CTCATAGCGA
DMSO_cntl_t2_5	DMSO	cntl	t2	FGC2639	F39	1	ACCGTTACAA-CTCATAGCGA
DMSO_cntl_t2_5	DMSO	cntl	t2	FGC2639	F39	2	ACCGTTACAA-CTCATAGCGA
DMSO_inf_t1_3	DMSO	inf	t1	FGC2634	F34	1	TGTCGCTGGT-TCGTCTGACT
DMSO_inf_t1_3	DMSO	inf	t1	FGC2634	F34	2	TGTCGCTGGT-TCGTCTGACT
DMSO_inf_t1_3	DMSO	inf	t1	FGC2639	F39	1	TGTCGCTGGT-TCGTCTGACT
DMSO_inf_t1_3	DMSO	inf	t1	FGC2639	F39	2	TGTCGCTGGT-TCGTCTGACT
