Accession	Begin	End	Chromosome	Orientation	Name	Symbol	Gene ID	Gene Type	Transcripts accession	Transcript name	Protein accession	Protein name	Protein length	Locus tag
JF974311.1	60	851		minus	hypothetical protein			protein-coding			AET97889.1	hypothetical protein	263	EPVG_00001
JF974311.1	929	1231		minus	hypothetical protein			protein-coding			AET97890.1	hypothetical protein	100	EPVG_00002
JF974311.1	1306	1773		minus	hypothetical protein			protein-coding			AET97891.1	hypothetical protein	155	EPVG_00003
JF974311.1	1795	2412		plus	hypothetical protein			protein-coding			AET97892.1	hypothetical protein	205	EPVG_00004
JF974311.1	2485	2832		plus	hypothetical protein			protein-coding			AET97893.1	hypothetical protein	115	EPVG_00005
JF974311.1	2901	3635		minus	hypothetical protein			protein-coding			AET97894.1	hypothetical protein	244	EPVG_00006
JF974311.1	3640	5010		minus	hypothetical protein			protein-coding			AET97895.1	hypothetical protein	456	EPVG_00007
JF974311.1	5030	5518		minus	hypothetical protein			protein-coding			AET97896.1	hypothetical protein	162	EPVG_00008
JF974311.1	5541	6629		minus	hypothetical protein			protein-coding			AET97897.1	hypothetical protein	362	EPVG_00009
JF974311.1	6634	7011		minus	hypothetical protein			protein-coding			AET97898.1	hypothetical protein	125	EPVG_00010
JF974311.1	7068	7595		plus	hypothetical protein			protein-coding			AET97899.1	hypothetical protein	175	EPVG_00011
JF974311.1	7598	7816		minus	hypothetical protein			protein-coding			AET97900.1	hypothetical protein	72	EPVG_00012
JF974311.1	8026	8199		plus	hypothetical protein			protein-coding			AET97901.1	hypothetical protein	57	EPVG_00013
JF974311.1	8204	9070		plus	hypothetical protein			protein-coding			AET97902.1	hypothetical protein	288	EPVG_00014
JF974311.1	9125	9493		plus	hypothetical protein			protein-coding			AET97903.1	hypothetical protein	122	EPVG_00015
JF974311.1	9518	9754		plus	hypothetical protein			protein-coding			AET97904.1	hypothetical protein	78	EPVG_00016
JF974311.1	9756	12059		minus	hypothetical protein			protein-coding			AET97905.1	hypothetical protein	767	EPVG_00017
JF974311.1	12070	13146		minus	flap endonuclease-1			protein-coding			AET97906.1	flap endonuclease-1	358	EPVG_00018
JF974311.1	13156	14931		minus	hypothetical protein			protein-coding			AET97907.1	hypothetical protein	591	EPVG_00019
JF974311.1	14937	15716		minus	proliferating cell nuclear antigen			protein-coding			AET97908.1	proliferating cell nuclear antigen	259	EPVG_00020
JF974311.1	15765	16994		plus	serine protease			protein-coding			AET97909.1	serine protease	409	EPVG_00021
JF974311.1	16979	18268		minus	phosphoglycerate mutase			protein-coding			AET97910.1	phosphoglycerate mutase	429	EPVG_00022
JF974311.1	18513	19034		minus	deoxycytidylate deaminase			protein-coding			AET97911.1	deoxycytidylate deaminase	173	EPVG_00023
JF974311.1	19072	19587		minus	hypothetical protein			protein-coding			AET97912.1	hypothetical protein	171	EPVG_00024
JF974311.1	19682	20659		plus	ribonucleoside-diphosphate reductase small subunit			protein-coding			AET97913.1	ribonucleoside-diphosphate reductase small subunit	325	EPVG_00025
JF974311.1	20685	21137		minus	hypothetical protein			protein-coding			AET97914.1	hypothetical protein	150	EPVG_00026
JF974311.1	21152	21745		minus	hypothetical protein			protein-coding			AET97915.1	hypothetical protein	197	EPVG_00027
JF974311.1	21792	22583		minus	hypothetical protein			protein-coding			AET97916.1	hypothetical protein	263	EPVG_00028
JF974311.1	22642	23289		minus	hypothetical protein			protein-coding			AET97917.1	hypothetical protein	215	EPVG_00029
JF974311.1	23361	26399		plus	DNA polymerase			protein-coding			AET97918.1	DNA polymerase	1012	EPVG_00030
JF974311.1	26404	27390		plus	hypothetical protein			protein-coding			AET97919.1	hypothetical protein	328	EPVG_00031
JF974311.1	27400	27972		minus	hypothetical protein			protein-coding			AET97920.1	hypothetical protein	190	EPVG_00032
JF974311.1	27981	28553		minus	hypothetical protein			protein-coding			AET97921.1	hypothetical protein	190	EPVG_00033
JF974311.1	28603	32358		minus	hypothetical protein			protein-coding			AET97922.1	hypothetical protein	1251	EPVG_00034
JF974311.1	32415	33614		minus	hypothetical protein			protein-coding			AET97923.1	hypothetical protein	399	EPVG_00035
JF974311.1	33882	34394		minus	hypothetical protein			protein-coding			AET97924.1	hypothetical protein	170	EPVG_00036
JF974311.1	34421	34948		minus	hypothetical protein			protein-coding			AET97925.1	hypothetical protein	175	EPVG_00037
JF974311.1	34985	35326		minus	hypothetical protein			protein-coding			AET97926.1	hypothetical protein	113	EPVG_00038
JF974311.1	35402	35854		minus	hypothetical protein			protein-coding			AET97927.1	hypothetical protein	150	EPVG_00039
JF974311.1	35887	36855		minus	hypothetical protein			protein-coding			AET97928.1	hypothetical protein	322	EPVG_00040
JF974311.1	36887	36971		minus	tRNA-OTHER			other						EPVG_01001
JF974311.1	37337	37744		minus	hypothetical protein			protein-coding			AET97929.1	hypothetical protein	135	EPVG_00041
JF974311.1	37820	37892		minus	tRNA-Lys			tRNA						EPVG_01002
JF974311.1	37894	37968		minus	tRNA-Glu			tRNA						EPVG_01003
JF974311.1	38164	39426		plus	hypothetical protein			protein-coding			AET97930.1	hypothetical protein	420	EPVG_00042
JF974311.1	39883	40221		minus	hypothetical protein			protein-coding			AET97931.1	hypothetical protein	112	EPVG_00043
JF974311.1	40262	40783		minus	hypothetical protein			protein-coding			AET97932.1	hypothetical protein	173	EPVG_00044
JF974311.1	40852	40923		minus	tRNA-OTHER			other						EPVG_01004
JF974311.1	40927	41000		minus	tRNA-Asn			tRNA						EPVG_01005
JF974311.1	41177	41836		minus	hypothetical protein			protein-coding			AET97933.1	hypothetical protein	219	EPVG_00045
JF974311.1	41846	42442		plus	hypothetical protein			protein-coding			AET97934.1	hypothetical protein	198	EPVG_00046
JF974311.1	42466	42783		plus	hypothetical protein			protein-coding			AET97935.1	hypothetical protein	105	EPVG_00047
JF974311.1	42778	45390		minus	serine palmitoyltransferase			protein-coding			AET97936.1	serine palmitoyltransferase	870	EPVG_00048
JF974311.1	45403	45831		minus	hypothetical protein			protein-coding			AET97937.1	hypothetical protein	142	EPVG_00049
JF974311.1	46021	46539		minus	hypothetical protein			protein-coding			AET97938.1	hypothetical protein	172	EPVG_00050
JF974311.1	46600	46995		minus	hypothetical protein			protein-coding			AET97939.1	hypothetical protein	131	EPVG_00051
JF974311.1	47054	47983		minus	hypothetical protein			protein-coding			AET97940.1	hypothetical protein	309	EPVG_00052
JF974311.1	48048	48764		plus	hypothetical protein			protein-coding			AET97941.1	hypothetical protein	238	EPVG_00053
JF974311.1	48730	49617		minus	hypothetical protein			protein-coding			AET97942.1	hypothetical protein	295	EPVG_00054
JF974311.1	49660	49890		plus	hypothetical protein			protein-coding			AET97943.1	hypothetical protein	76	EPVG_00055
JF974311.1	49868	52471		plus	hypothetical protein			protein-coding			AET97944.1	hypothetical protein	867	EPVG_00056
JF974311.1	52528	52944		plus	hypothetical protein			protein-coding			AET97945.1	hypothetical protein	138	EPVG_00057
JF974311.1	52983	58955		minus	hypothetical protein			protein-coding			AET97946.1	hypothetical protein	1990	EPVG_00058
JF974311.1	59008	59970		minus	fatty acid desaturase			protein-coding			AET97947.1	fatty acid desaturase	320	EPVG_00059
JF974311.1	60031	60645		plus	hypothetical protein			protein-coding			AET97948.1	hypothetical protein	204	EPVG_00060
JF974311.1	60642	61055		minus	hypothetical protein			protein-coding			AET97949.1	hypothetical protein	137	EPVG_00061
JF974311.1	61077	65554		minus	RNA polymerase subunit beta			protein-coding			AET97950.1	RNA polymerase subunit beta	1468	EPVG_00062
JF974311.1	65601	66131		minus	hypothetical protein			protein-coding			AET97951.1	hypothetical protein	176	EPVG_00063
JF974311.1	66173	67414		plus	hypothetical protein			protein-coding			AET97952.1	hypothetical protein	413	EPVG_00064
JF974311.1	67558	68751		plus	hypothetical protein			protein-coding			AET97953.1	hypothetical protein	397	EPVG_00065
JF974311.1	68766	70109		minus	hypothetical protein			protein-coding			AET97954.1	hypothetical protein	447	EPVG_00066
JF974311.1	70152	70991		plus	hypothetical protein			protein-coding			AET97955.1	hypothetical protein	279	EPVG_00067
JF974311.1	70981	71379		minus	hypothetical protein			protein-coding			AET97956.1	hypothetical protein	132	EPVG_00068
JF974311.1	71393	71935		minus	hypothetical protein			protein-coding			AET97957.1	hypothetical protein	180	EPVG_00069
JF974311.1	71985	72866		plus	hypothetical protein			protein-coding			AET97958.1	hypothetical protein	293	EPVG_00070
JF974311.1	73157	73636		minus	hypothetical protein			protein-coding			AET97959.1	hypothetical protein	159	EPVG_00071
JF974311.1	73572	74036		minus	hypothetical protein			protein-coding			AET97960.1	hypothetical protein	154	EPVG_00072
JF974311.1	74154	74516		minus	hypothetical protein			protein-coding			AET97961.1	hypothetical protein	120	EPVG_00073
JF974311.1	74537	75493		minus	hypothetical protein			protein-coding			AET97962.1	hypothetical protein	318	EPVG_00074
JF974311.1	75373	76341		minus	fatty acid elongase			protein-coding			AET97963.1	fatty acid elongase	322	EPVG_00075
JF974311.1	76379	77245		plus	hypothetical protein			protein-coding			AET97964.1	hypothetical protein	288	EPVG_00076
JF974311.1	77249	77980		minus	hypothetical protein			protein-coding			AET97965.1	hypothetical protein	243	EPVG_00077
JF974311.1	78024	78293		plus	hypothetical protein			protein-coding			AET97966.1	hypothetical protein	89	EPVG_00078
JF974311.1	78296	78586		minus	hypothetical protein			protein-coding			AET97967.1	hypothetical protein	96	EPVG_00079
JF974311.1	78654	79181		minus	hypothetical protein			protein-coding			AET97968.1	hypothetical protein	175	EPVG_00080
JF974311.1	79230	80054		plus	hypothetical protein			protein-coding			AET97969.1	hypothetical protein	274	EPVG_00081
JF974311.1	80082	81266		minus	hypothetical protein			protein-coding			AET97970.1	hypothetical protein	394	EPVG_00082
JF974311.1	81471	82961		minus	major capsid protein			protein-coding			AET97971.1	major capsid protein	496	EPVG_00083
JF974311.1	83168	84973		plus	hypothetical protein			protein-coding			AET97972.1	hypothetical protein	601	EPVG_00084
JF974311.1	84989	85606		minus	hypothetical protein			protein-coding			AET97973.1	hypothetical protein	205	EPVG_00085
JF974311.1	85680	86258		plus	hypothetical protein			protein-coding			AET97974.1	hypothetical protein	192	EPVG_00086
JF974311.1	86279	86890		plus	hypothetical protein			protein-coding			AET97975.1	hypothetical protein	203	EPVG_00087
JF974311.1	86926	87276		minus	hypothetical protein			protein-coding			AET97976.1	hypothetical protein	116	EPVG_00088
JF974311.1	87284	87829		minus	hypothetical protein			protein-coding			AET97977.1	hypothetical protein	181	EPVG_00089
JF974311.1	87861	88241		plus	HNH endonuclease			protein-coding			AET97978.1	HNH endonuclease	126	EPVG_00090
JF974311.1	88475	88837		plus	hypothetical protein			protein-coding			AET97979.1	hypothetical protein	120	EPVG_00091
JF974311.1	88880	90472		plus	hypothetical protein			protein-coding			AET97980.1	hypothetical protein	530	EPVG_00092
JF974311.1	90420	90749		minus	hypothetical protein			protein-coding			AET97981.1	hypothetical protein	109	EPVG_00093
JF974311.1	90771	91244		minus	hypothetical protein			protein-coding			AET97982.1	hypothetical protein	157	EPVG_00094
JF974311.1	91286	91633		minus	hypothetical protein			protein-coding			AET97983.1	hypothetical protein	115	EPVG_00095
JF974311.1	91682	93010		minus	hypothetical protein			protein-coding			AET97984.1	hypothetical protein	442	EPVG_00096
JF974311.1	93018	93233		minus	hypothetical protein			protein-coding			AET97985.1	hypothetical protein	71	EPVG_00097
JF974311.1	93275	94336		minus	hypothetical protein			protein-coding			AET97986.1	hypothetical protein	353	EPVG_00098
JF974311.1	94362	95168		minus	hypothetical protein			protein-coding			AET97987.1	hypothetical protein	268	EPVG_00099
JF974311.1	95201	95788		plus	hypothetical protein			protein-coding			AET97988.1	hypothetical protein	195	EPVG_00100
JF974311.1	95785	96138		minus	hypothetical protein			protein-coding			AET97989.1	hypothetical protein	117	EPVG_00101
JF974311.1	96143	97726		minus	DNA helicase			protein-coding			AET97990.1	DNA helicase	527	EPVG_00102
JF974311.1	97812	98318		plus	transcription factor S-II family protein			protein-coding			AET97991.1	transcription factor S-II family protein	168	EPVG_00103
JF974311.1	98384	99787		plus	hypothetical protein			protein-coding			AET97992.1	hypothetical protein	467	EPVG_00104
JF974311.1	99827	101836		plus	hypothetical protein			protein-coding			AET97993.1	hypothetical protein	669	EPVG_00105
JF974311.1	101888	102532		plus	hypothetical protein			protein-coding			AET97994.1	hypothetical protein	214	EPVG_00106
JF974311.1	102533	103060		minus	hypothetical protein			protein-coding			AET97995.1	hypothetical protein	175	EPVG_00107
JF974311.1	103093	103929		plus	hypothetical protein			protein-coding			AET97996.1	hypothetical protein	278	EPVG_00108
JF974311.1	104008	104790		plus	hypothetical protein			protein-coding			AET97997.1	hypothetical protein	260	EPVG_00109
JF974311.1	104816	105556		minus	hypothetical protein			protein-coding			AET97998.1	hypothetical protein	246	EPVG_00110
JF974311.1	105664	107106		plus	thymidylate synthase			protein-coding			AET97999.1	thymidylate synthase	480	EPVG_00111
JF974311.1	107107	107445		minus	hypothetical protein			protein-coding			AET98000.1	hypothetical protein	112	EPVG_00112
JF974311.1	107507	107926		plus	hypothetical protein			protein-coding			AET98001.1	hypothetical protein	139	EPVG_00113
JF974311.1	107921	108904		minus	hypothetical protein			protein-coding			AET98002.1	hypothetical protein	327	EPVG_00114
JF974311.1	109010	110614		plus	phosphate permease			protein-coding			AET98003.1	phosphate permease	534	EPVG_00115
JF974311.1	110632	111855		minus	hypothetical protein			protein-coding			AET98004.1	hypothetical protein	407	EPVG_00116
JF974311.1	111896	112285		plus	hypothetical protein			protein-coding			AET98005.1	hypothetical protein	129	EPVG_00117
JF974311.1	112266	112823		minus	hypothetical protein			protein-coding			AET98006.1	hypothetical protein	185	EPVG_00118
JF974311.1	112862	113668		minus	hypothetical protein			protein-coding			AET98007.1	hypothetical protein	268	EPVG_00119
JF974311.1	113698	114753		plus	hypothetical protein			protein-coding			AET98008.1	hypothetical protein	351	EPVG_00120
JF974311.1	114789	115031		plus	hypothetical protein			protein-coding			AET98009.1	hypothetical protein	80	EPVG_00121
JF974311.1	115062	116165		plus	hypothetical protein			protein-coding			AET98010.1	hypothetical protein	367	EPVG_00122
JF974311.1	116294	116806		plus	hypothetical protein			protein-coding			AET98011.1	hypothetical protein	170	EPVG_00123
JF974311.1	116803	117105		minus	hypothetical protein			protein-coding			AET98012.1	hypothetical protein	100	EPVG_00124
JF974311.1	117106	117531		minus	hypothetical protein			protein-coding			AET98013.1	hypothetical protein	141	EPVG_00125
JF974311.1	117569	119155		minus	hypothetical protein			protein-coding			AET98014.1	hypothetical protein	528	EPVG_00126
JF974311.1	119209	120339		plus	hypothetical protein			protein-coding			AET98015.1	hypothetical protein	376	EPVG_00127
JF974311.1	120343	121059		plus	hypothetical protein			protein-coding			AET98016.1	hypothetical protein	238	EPVG_00128
JF974311.1	121067	121351		plus	hypothetical protein			protein-coding			AET98017.1	hypothetical protein	94	EPVG_00129
JF974311.1	121368	121685		minus	hypothetical protein			protein-coding			AET98018.1	hypothetical protein	105	EPVG_00130
JF974311.1	121713	122348		plus	hypothetical protein			protein-coding			AET98019.1	hypothetical protein	211	EPVG_00131
JF974311.1	123997	124716		minus	hypothetical protein			protein-coding			AET98020.1	hypothetical protein	239	EPVG_00132
JF974311.1	125577	126675		minus	hypothetical protein			protein-coding			AET98021.1	hypothetical protein	366	EPVG_00133
JF974311.1	126757	127110		minus	hypothetical protein			protein-coding			AET98022.1	hypothetical protein	117	EPVG_00134
JF974311.1	127212	127652		plus	hypothetical protein			protein-coding			AET98023.1	hypothetical protein	146	EPVG_00135
JF974311.1	127722	128306		plus	hypothetical protein			protein-coding			AET98024.1	hypothetical protein	194	EPVG_00136
JF974311.1	128334	128750		plus	hypothetical protein			protein-coding			AET98025.1	hypothetical protein	138	EPVG_00137
JF974311.1	128770	128955		plus	hypothetical protein			protein-coding			AET98026.1	hypothetical protein	61	EPVG_00138
JF974311.1	129071	129568		minus	hypothetical protein			protein-coding			AET98027.1	hypothetical protein	165	EPVG_00139
JF974311.1	129694	129879		minus	hypothetical protein			protein-coding			AET98028.1	hypothetical protein	61	EPVG_00140
JF974311.1	129895	130251		minus	hypothetical protein			protein-coding			AET98029.1	hypothetical protein	118	EPVG_00141
JF974311.1	130331	130837		minus	hypothetical protein			protein-coding			AET98030.1	hypothetical protein	168	EPVG_00142
JF974311.1	130991	131449		plus	hypothetical protein			protein-coding			AET98031.1	hypothetical protein	152	EPVG_00143
JF974311.1	131507	131839		plus	hypothetical protein			protein-coding			AET98032.1	hypothetical protein	110	EPVG_00144
JF974311.1	131862	132266		minus	hypothetical protein			protein-coding			AET98033.1	hypothetical protein	134	EPVG_00145
JF974311.1	132598	133926		minus	hypothetical protein			protein-coding			AET98034.1	hypothetical protein	442	EPVG_00146
JF974311.1	134075	134410		plus	hypothetical protein			protein-coding			AET98035.1	hypothetical protein	111	EPVG_00147
JF974311.1	135149	136132		minus	hypothetical protein			protein-coding			AET98036.1	hypothetical protein	327	EPVG_00148
JF974311.1	136172	136600		plus	hypothetical protein			protein-coding			AET98037.1	hypothetical protein	142	EPVG_00149
JF974311.1	136602	137237		minus	hypothetical protein			protein-coding			AET98038.1	hypothetical protein	211	EPVG_00150
JF974311.1	137276	137620		minus	hypothetical protein			protein-coding			AET98039.1	hypothetical protein	114	EPVG_00151
JF974311.1	137648	138097		plus	hypothetical protein			protein-coding			AET98040.1	hypothetical protein	149	EPVG_00152
JF974311.1	138134	138937		plus	hypothetical protein			protein-coding			AET98041.1	hypothetical protein	267	EPVG_00153
JF974311.1	138964	140109		plus	hypothetical protein			protein-coding			AET98042.1	hypothetical protein	381	EPVG_00154
JF974311.1	140120	140548		minus	hypothetical protein			protein-coding			AET98043.1	hypothetical protein	142	EPVG_00155
JF974311.1	140583	141044		minus	hypothetical protein			protein-coding			AET98044.1	hypothetical protein	153	EPVG_00156
JF974311.1	141082	141477		plus	hypothetical protein			protein-coding			AET98045.1	hypothetical protein	131	EPVG_00157
JF974311.1	141510	141881		plus	hypothetical protein			protein-coding			AET98046.1	hypothetical protein	123	EPVG_00158
JF974311.1	141911	142333		minus	hypothetical protein			protein-coding			AET98047.1	hypothetical protein	140	EPVG_00159
JF974311.1	142375	142953		minus	hypothetical protein			protein-coding			AET98048.1	hypothetical protein	192	EPVG_00160
JF974311.1	143187	143468		minus	hypothetical protein			protein-coding			AET98049.1	hypothetical protein	93	EPVG_00161
JF974311.1	143508	143987		minus	hypothetical protein			pseudogene						EPVG_00162
JF974311.1	144095	144688		plus	hypothetical protein			protein-coding			AET98050.1	hypothetical protein	197	EPVG_00163
JF974311.1	144708	145586		plus	hypothetical protein			protein-coding			AET98051.1	hypothetical protein	292	EPVG_00164
JF974311.1	145587	145985		minus	hypothetical protein			protein-coding			AET98052.1	hypothetical protein	132	EPVG_00165
JF974311.1	146043	146534		plus	hypothetical protein			protein-coding			AET98053.1	hypothetical protein	163	EPVG_00166
JF974311.1	146539	147084		plus	hypothetical protein			protein-coding			AET98054.1	hypothetical protein	181	EPVG_00167
JF974311.1	147112	148077		plus	hypothetical protein			protein-coding			AET98055.1	hypothetical protein	321	EPVG_00168
JF974311.1	148063	148440		minus	hypothetical protein			protein-coding			AET98056.1	hypothetical protein	125	EPVG_00169
JF974311.1	148506	149000		minus	hypothetical protein			protein-coding			AET98057.1	hypothetical protein	164	EPVG_00170
JF974311.1	148931	149395		plus	hypothetical protein			protein-coding			AET98058.1	hypothetical protein	154	EPVG_00171
JF974311.1	149397	150029		minus	hypothetical protein			protein-coding			AET98059.1	hypothetical protein	210	EPVG_00172
JF974311.1	150050	150754		minus	hypothetical protein			protein-coding			AET98060.1	hypothetical protein	234	EPVG_00173
JF974311.1	150777	151931		minus	hypothetical protein			protein-coding			AET98061.1	hypothetical protein	384	EPVG_00174
JF974311.1	151980	152597		minus	hypothetical protein			protein-coding			AET98062.1	hypothetical protein	205	EPVG_00175
JF974311.1	152666	153016		plus	hypothetical protein			protein-coding			AET98063.1	hypothetical protein	116	EPVG_00176
JF974311.1	153067	153540		minus	hypothetical protein			protein-coding			AET98064.1	hypothetical protein	157	EPVG_00177
JF974311.1	153610	155472		plus	hypothetical protein			protein-coding			AET98065.1	hypothetical protein	620	EPVG_00178
JF974311.1	155465	156250		plus	hypothetical protein			protein-coding			AET98066.1	hypothetical protein	261	EPVG_00179
JF974311.1	156270	158315		minus	hypothetical protein			protein-coding			AET98067.1	hypothetical protein	681	EPVG_00180
JF974311.1	158374	158850		minus	hypothetical protein			protein-coding			AET98068.1	hypothetical protein	158	EPVG_00181
JF974311.1	158926	159405		plus	hypothetical protein			protein-coding			AET98069.1	hypothetical protein	159	EPVG_00182
JF974311.1	159423	160070		minus	hypothetical protein			protein-coding			AET98070.1	hypothetical protein	215	EPVG_00183
JF974311.1	160057	161490		minus	hypothetical protein			protein-coding			AET98071.1	hypothetical protein	477	EPVG_00184
JF974311.1	161402	161659		minus	hypothetical protein			protein-coding			AET98072.1	hypothetical protein	85	EPVG_00185
JF974311.1	161680	162471		minus	hypothetical protein			protein-coding			AET98073.1	hypothetical protein	263	EPVG_00186
JF974311.1	162510	163199		minus	hypothetical protein			protein-coding			AET98074.1	hypothetical protein	229	EPVG_00187
JF974311.1	163241	163705		plus	hypothetical protein			protein-coding			AET98075.1	hypothetical protein	154	EPVG_00188
JF974311.1	163730	164674		plus	hypothetical protein			protein-coding			AET98076.1	hypothetical protein	314	EPVG_00189
JF974311.1	164726	165148		plus	hypothetical protein			protein-coding			AET98077.1	hypothetical protein	140	EPVG_00190
JF974311.1	165316	167535		plus	hypothetical protein			protein-coding			AET98078.1	hypothetical protein	739	EPVG_00191
JF974311.1	167634	168230		plus	hypothetical protein			protein-coding			AET98079.1	hypothetical protein	198	EPVG_00192
JF974311.1	168277	169038		plus	hypothetical protein			protein-coding			AET98080.1	hypothetical protein	253	EPVG_00193
JF974311.1	169040	169405		minus	hypothetical protein			protein-coding			AET98081.1	hypothetical protein	121	EPVG_00194
JF974311.1	169436	170089		minus	hypothetical protein			protein-coding			AET98082.1	hypothetical protein	217	EPVG_00195
JF974311.1	170137	170454		minus	hypothetical protein			protein-coding			AET98083.1	hypothetical protein	105	EPVG_00196
JF974311.1	170505	171074		plus	hypothetical protein			protein-coding			AET98084.1	hypothetical protein	189	EPVG_00197
JF974311.1	171105	171617		plus	hypothetical protein			protein-coding			AET98085.1	hypothetical protein	170	EPVG_00198
JF974311.1	172004	173347		plus	hypothetical protein			protein-coding			AET98086.1	hypothetical protein	447	EPVG_00199
JF974311.1	173372	173713		plus	hypothetical protein			protein-coding			AET98087.1	hypothetical protein	113	EPVG_00200
JF974311.1	173747	174124		plus	hypothetical protein			protein-coding			AET98088.1	hypothetical protein	125	EPVG_00201
JF974311.1	174162	174383		plus	hypothetical protein			protein-coding			AET98089.1	hypothetical protein	73	EPVG_00202
JF974311.1	174394	174750		plus	hypothetical protein			protein-coding			AET98090.1	hypothetical protein	118	EPVG_00203
JF974311.1	174777	175166		plus	hypothetical protein			protein-coding			AET98091.1	hypothetical protein	129	EPVG_00204
JF974311.1	175225	176283		plus	hypothetical protein			protein-coding			AET98092.1	hypothetical protein	352	EPVG_00205
JF974311.1	176334	176885		plus	hypothetical protein			protein-coding			AET98093.1	hypothetical protein	183	EPVG_00206
JF974311.1	176930	177502		plus	hypothetical protein			protein-coding			AET98094.1	hypothetical protein	190	EPVG_00207
JF974311.1	177499	178635		minus	hypothetical protein			protein-coding			AET98095.1	hypothetical protein	378	EPVG_00208
JF974311.1	178700	182422		plus	hypothetical protein			protein-coding			AET98096.1	hypothetical protein	1240	EPVG_00209
JF974311.1	182431	182949		minus	hypothetical protein			protein-coding			AET98097.1	hypothetical protein	172	EPVG_00210
JF974311.1	183058	184239		plus	hypothetical protein			protein-coding			AET98098.1	hypothetical protein	393	EPVG_00211
JF974311.1	184249	184695		minus	hypothetical protein			protein-coding			AET98099.1	hypothetical protein	148	EPVG_00212
JF974311.1	184722	185480		minus	hypothetical protein			protein-coding			AET98100.1	hypothetical protein	252	EPVG_00213
JF974311.1	185486	186496		minus	DnaJ domain-containing protein			protein-coding			AET98101.1	DnaJ domain-containing protein	336	EPVG_00214
JF974311.1	186520	187026		plus	hypothetical protein			protein-coding			AET98102.1	hypothetical protein	168	EPVG_00215
JF974311.1	187026	187673		plus	hypothetical protein			protein-coding			AET98103.1	hypothetical protein	215	EPVG_00216
JF974311.1	187666	188076		minus	hypothetical protein			protein-coding			AET98104.1	hypothetical protein	136	EPVG_00217
JF974311.1	188099	188545		minus	deoxyuridine 5'-triphosphate nucleotidohydrolase			protein-coding			AET98105.1	deoxyuridine 5'-triphosphate nucleotidohydrolase	148	EPVG_00218
JF974311.1	188598	189533		plus	hypothetical protein			protein-coding			AET98106.1	hypothetical protein	311	EPVG_00219
JF974311.1	189496	190185		minus	hypothetical protein			protein-coding			AET98107.1	hypothetical protein	229	EPVG_00220
JF974311.1	190222	190830		minus	hypothetical protein			protein-coding			AET98108.1	hypothetical protein	202	EPVG_00221
JF974311.1	190910	191539		plus	RNase HII			protein-coding			AET98109.1	RNase HII	209	EPVG_00222
JF974311.1	191529	192557		minus	hypothetical protein			protein-coding			AET98110.1	hypothetical protein	342	EPVG_00223
JF974311.1	192637	193773		plus	hypothetical protein			protein-coding			AET98111.1	hypothetical protein	378	EPVG_00224
JF974311.1	193794	194042		plus	hypothetical protein			protein-coding			AET98112.1	hypothetical protein	82	EPVG_00225
JF974311.1	194202	195002		plus	hypothetical protein			protein-coding			AET98113.1	hypothetical protein	266	EPVG_00226
JF974311.1	195100	195615		plus	hypothetical protein			protein-coding			AET98114.1	hypothetical protein	171	EPVG_00227
JF974311.1	195674	195862		plus	hypothetical protein			protein-coding			AET98115.1	hypothetical protein	62	EPVG_00228
JF974311.1	195908	196393		plus	hypothetical protein			protein-coding			AET98116.1	hypothetical protein	161	EPVG_00229
JF974311.1	196380	197081		minus	hypothetical protein			protein-coding			AET98117.1	hypothetical protein	233	EPVG_00230
JF974311.1	197145	197393		plus	hypothetical protein			protein-coding			AET98118.1	hypothetical protein	82	EPVG_00231
JF974311.1	197373	198026		minus	hypothetical protein			protein-coding			AET98119.1	hypothetical protein	217	EPVG_00232
JF974311.1	198048	199151		plus	hypothetical protein			protein-coding			AET98120.1	hypothetical protein	367	EPVG_00233
JF974311.1	199148	199525		minus	hypothetical protein			protein-coding			AET98121.1	hypothetical protein	125	EPVG_00234
JF974311.1	199551	200213		minus	hypothetical protein			protein-coding			AET98122.1	hypothetical protein	220	EPVG_00235
JF974311.1	200286	200681		plus	hypothetical protein			protein-coding			AET98123.1	hypothetical protein	131	EPVG_00236
JF974311.1	200687	201463		minus	fatty-acid desaturase			protein-coding			AET98124.1	fatty-acid desaturase	258	EPVG_00237
JF974311.1	201532	202284		plus	hypothetical protein			protein-coding			AET98125.1	hypothetical protein	250	EPVG_00238
JF974311.1	202341	203237		plus	hypothetical protein			protein-coding			AET98126.1	hypothetical protein	298	EPVG_00239
JF974311.1	203252	203425		minus	hypothetical protein			protein-coding			AET98127.1	hypothetical protein	57	EPVG_00240
JF974311.1	203464	204873		minus	hypothetical protein			protein-coding			AET98128.1	hypothetical protein	469	EPVG_00241
JF974311.1	204964	205932		minus	hypothetical protein			protein-coding			AET98129.1	hypothetical protein	322	EPVG_00242
JF974311.1	206007	206864		minus	hypothetical protein			protein-coding			AET98130.1	hypothetical protein	285	EPVG_00243
JF974311.1	206867	207568		minus	hypothetical protein			protein-coding			AET98131.1	hypothetical protein	233	EPVG_00244
JF974311.1	207595	208410		minus	hypothetical protein			protein-coding			AET98132.1	hypothetical protein	271	EPVG_00245
JF974311.1	208459	209205		minus	hypothetical protein			protein-coding			AET98133.1	hypothetical protein	248	EPVG_00246
JF974311.1	209157	210218		plus	hypothetical protein			protein-coding			AET98134.1	hypothetical protein	353	EPVG_00247
JF974311.1	210249	210566		plus	hypothetical protein			protein-coding			AET98135.1	hypothetical protein	105	EPVG_00248
JF974311.1	210563	211630		minus	hypothetical protein			protein-coding			AET98136.1	hypothetical protein	355	EPVG_00249
JF974311.1	211699	212349		plus	hypothetical protein			protein-coding			AET98137.1	hypothetical protein	216	EPVG_00250
JF974311.1	212440	214742		plus	ribonucleoside-diphosphate reductase			protein-coding			AET98138.1	ribonucleoside-diphosphate reductase	746	EPVG_00251
JF974311.1	214916	216169		plus	hypothetical protein			protein-coding			AET98139.1	hypothetical protein	417	EPVG_00252
JF974311.1	216423	216932		plus	hypothetical protein			protein-coding			AET98140.1	hypothetical protein	169	EPVG_00253
JF974311.1	216963	217946		plus	hypothetical protein			protein-coding			AET98141.1	hypothetical protein	327	EPVG_00254
JF974311.1	217976	218710		plus	hypothetical protein			protein-coding			AET98142.1	hypothetical protein	244	EPVG_00255
JF974311.1	218718	219059		plus	hypothetical protein			protein-coding			AET98143.1	hypothetical protein	113	EPVG_00256
JF974311.1	219062	222532		minus	RNA polymerase II			protein-coding			AET98144.1	RNA polymerase II	1156	EPVG_00257
JF974311.1	222633	223760		plus	hypothetical protein			protein-coding			AET98145.1	hypothetical protein	375	EPVG_00258
JF974311.1	223726	224052		minus	hypothetical protein			protein-coding			AET98146.1	hypothetical protein	108	EPVG_00259
JF974311.1	224098	224502		minus	hypothetical protein			protein-coding			AET98147.1	hypothetical protein	134	EPVG_00260
JF974311.1	224495	225226		minus	hypothetical protein			protein-coding			AET98148.1	hypothetical protein	243	EPVG_00261
JF974311.1	225269	226372		minus	hypothetical protein			protein-coding			AET98149.1	hypothetical protein	367	EPVG_00262
JF974311.1	226381	227247		minus	hypothetical protein			protein-coding			AET98150.1	hypothetical protein	288	EPVG_00263
JF974311.1	227287	228273		plus	hypothetical protein			protein-coding			AET98151.1	hypothetical protein	328	EPVG_00264
JF974311.1	228270	228812		minus	hypothetical protein			protein-coding			AET98152.1	hypothetical protein	180	EPVG_00265
JF974311.1	228879	232514		plus	hypothetical protein			protein-coding			AET98153.1	hypothetical protein	1211	EPVG_00266
JF974311.1	232628	235312		minus	hypothetical protein			protein-coding			AET98154.1	hypothetical protein	894	EPVG_00267
JF974311.1	235355	235678		minus	hypothetical protein			protein-coding			AET98155.1	hypothetical protein	107	EPVG_00268
JF974311.1	235760	236818		minus	hypothetical protein			protein-coding			AET98156.1	hypothetical protein	352	EPVG_00269
JF974311.1	237032	237841		minus	hypothetical protein			protein-coding			AET98157.1	hypothetical protein	269	EPVG_00270
JF974311.1	240128	240853		plus	hypothetical protein			protein-coding			AET98158.1	hypothetical protein	241	EPVG_00271
JF974311.1	240887	241189		plus	hypothetical protein			protein-coding			AET98159.1	hypothetical protein	100	EPVG_00272
JF974311.1	241212	242480		plus	hypothetical protein			protein-coding			AET98160.1	hypothetical protein	422	EPVG_00273
JF974311.1	242483	242851		plus	hypothetical protein			protein-coding			AET98161.1	hypothetical protein	122	EPVG_00274
JF974311.1	242880	243215		minus	hypothetical protein			protein-coding			AET98162.1	hypothetical protein	111	EPVG_00275
JF974311.1	243336	244067		plus	hypothetical protein			protein-coding			AET98163.1	hypothetical protein	243	EPVG_00276
JF974311.1	244206	244508		plus	hypothetical protein			protein-coding			AET98164.1	hypothetical protein	100	EPVG_00277
JF974311.1	244567	244639		minus	tRNA-Arg			tRNA						EPVG_01006
JF974311.1	244712	245329		plus	hypothetical protein			protein-coding			AET98165.1	hypothetical protein	205	EPVG_00278
JF974311.1	245366	245602		plus	hypothetical protein			protein-coding			AET98166.1	hypothetical protein	78	EPVG_00279
JF974311.1	245642	245884		plus	hypothetical protein			protein-coding			AET98167.1	hypothetical protein	80	EPVG_00280
JF974311.1	245906	246460		plus	hypothetical protein			protein-coding			AET98168.1	hypothetical protein	184	EPVG_00281
JF974311.1	246447	246926		minus	hypothetical protein			protein-coding			AET98169.1	hypothetical protein	159	EPVG_00282
JF974311.1	247013	247321		minus	hypothetical protein			protein-coding			AET98170.1	hypothetical protein	102	EPVG_00283
JF974311.1	247562	248749		plus	hypothetical protein			protein-coding			AET98171.1	hypothetical protein	395	EPVG_00284
JF974311.1	248836	249780		plus	hypothetical protein			protein-coding			AET98172.1	hypothetical protein	314	EPVG_00285
JF974311.1	249874	250350		plus	hypothetical protein			protein-coding			AET98173.1	hypothetical protein	158	EPVG_00286
JF974311.1	250331	250597		minus	hypothetical protein			protein-coding			AET98174.1	hypothetical protein	88	EPVG_00287
JF974311.1	250638	251516		minus	hypothetical protein			protein-coding			AET98175.1	hypothetical protein	292	EPVG_00288
JF974311.1	251608	251895		plus	hypothetical protein			protein-coding			AET98176.1	hypothetical protein	95	EPVG_00289
JF974311.1	251884	253074		minus	hypothetical protein			protein-coding			AET98177.1	hypothetical protein	396	EPVG_00290
JF974311.1	253139	253819		minus	hypothetical protein			protein-coding			AET98178.1	hypothetical protein	226	EPVG_00291
JF974311.1	253939	255111		plus	zinc finger protein			protein-coding			AET98179.1	zinc finger protein	390	EPVG_00292
JF974311.1	255199	257535		minus	hypothetical protein			protein-coding			AET98180.1	hypothetical protein	778	EPVG_00293
JF974311.1	257540	258364		minus	hypothetical protein			protein-coding			AET98181.1	hypothetical protein	274	EPVG_00294
JF974311.1	258408	258773		plus	hypothetical protein			protein-coding			AET98182.1	hypothetical protein	121	EPVG_00295
JF974311.1	258783	259169		plus	endonuclease			protein-coding			AET98183.1	endonuclease	128	EPVG_00296
JF974311.1	259166	259987		minus	hypothetical protein			protein-coding			AET98184.1	hypothetical protein	273	EPVG_00297
JF974311.1	260040	260588		plus	hypothetical protein			protein-coding			AET98185.1	hypothetical protein	182	EPVG_00298
JF974311.1	260568	261161		minus	hypothetical protein			protein-coding			AET98186.1	hypothetical protein	197	EPVG_00299
JF974311.1	261198	262325		minus	hypothetical protein			protein-coding			AET98187.1	hypothetical protein	375	EPVG_00300
JF974311.1	262425	263057		plus	hypothetical protein			protein-coding			AET98188.1	hypothetical protein	210	EPVG_00301
JF974311.1	263213	263437		plus	hypothetical protein			protein-coding			AET98189.1	hypothetical protein	74	EPVG_00302
JF974311.1	263430	263723		minus	hypothetical protein			protein-coding			AET98190.1	hypothetical protein	97	EPVG_00303
JF974311.1	263837	264064		plus	hypothetical protein			protein-coding			AET98191.1	hypothetical protein	75	EPVG_00304
JF974311.1	264293	264667		plus	hypothetical protein			protein-coding			AET98192.1	hypothetical protein	124	EPVG_00305
JF974311.1	264822	265127		plus	hypothetical protein			protein-coding			AET98193.1	hypothetical protein	101	EPVG_00306
JF974311.1	265201	265626		minus	hypothetical protein			protein-coding			AET98194.1	hypothetical protein	141	EPVG_00307
JF974311.1	265795	266016		minus	hypothetical protein			protein-coding			AET98195.1	hypothetical protein	73	EPVG_00308
JF974311.1	266036	273781		minus	hypothetical protein			protein-coding			AET98196.1	hypothetical protein	2581	EPVG_00309
JF974311.1	274402	274614		plus	hypothetical protein			protein-coding			AET98197.1	hypothetical protein	70	EPVG_00310
JF974311.1	274647	275159		plus	hypothetical protein			protein-coding			AET98198.1	hypothetical protein	170	EPVG_00311
JF974311.1	275156	275665		minus	hypothetical protein			protein-coding			AET98199.1	hypothetical protein	169	EPVG_00312
JF974311.1	275703	276092		minus	hypothetical protein			protein-coding			AET98200.1	hypothetical protein	129	EPVG_00313
JF974311.1	276662	277426		plus	hypothetical protein			protein-coding			AET98201.1	hypothetical protein	254	EPVG_00314
JF974311.1	277489	277752		minus	hypothetical protein			protein-coding			AET98202.1	hypothetical protein	87	EPVG_00315
JF974311.1	277795	278082		minus	hypothetical protein			protein-coding			AET98203.1	hypothetical protein	95	EPVG_00316
JF974311.1	278075	278488		minus	hypothetical protein			protein-coding			AET98204.1	hypothetical protein	137	EPVG_00317
JF974311.1	278712	278978		plus	hypothetical protein			protein-coding			AET98205.1	hypothetical protein	88	EPVG_00318
JF974311.1	279090	279461		plus	hypothetical protein			protein-coding			AET98206.1	hypothetical protein	123	EPVG_00319
JF974311.1	279555	279830		plus	hypothetical protein			protein-coding			AET98207.1	hypothetical protein	91	EPVG_00320
JF974311.1	279831	280181		minus	hypothetical protein			protein-coding			AET98208.1	hypothetical protein	116	EPVG_00321
JF974311.1	280405	280620		plus	hypothetical protein			protein-coding			AET98209.1	hypothetical protein	71	EPVG_00322
JF974311.1	280636	281148		minus	hypothetical protein			protein-coding			AET98210.1	hypothetical protein	170	EPVG_00323
JF974311.1	281255	281695		plus	hypothetical protein			protein-coding			AET98211.1	hypothetical protein	146	EPVG_00324
JF974311.1	281708	282133		minus	hypothetical protein			protein-coding			AET98212.1	hypothetical protein	141	EPVG_00325
JF974311.1	282227	282388		plus	hypothetical protein			protein-coding			AET98213.1	hypothetical protein	53	EPVG_00326
JF974311.1	282652	282924		minus	hypothetical protein			protein-coding			AET98214.1	hypothetical protein	90	EPVG_00327
JF974311.1	283661	284047		plus	hypothetical protein			protein-coding			AET98215.1	hypothetical protein	128	EPVG_00328
JF974311.1	284151	284888		minus	hypothetical protein			protein-coding			AET98216.1	hypothetical protein	245	EPVG_00329
JF974311.1	285212	285889		plus	hypothetical protein			protein-coding			AET98217.1	hypothetical protein	225	EPVG_00330
JF974311.1	285992	286714		plus	hypothetical protein			protein-coding			AET98218.1	hypothetical protein	240	EPVG_00331
JF974311.1	286868	287218		minus	hypothetical protein			protein-coding			AET98219.1	hypothetical protein	116	EPVG_00332
JF974311.1	287363	287683		minus	hypothetical protein			protein-coding			AET98220.1	hypothetical protein	106	EPVG_00333
JF974311.1	287808	288296		plus	hypothetical protein			protein-coding			AET98221.1	hypothetical protein	162	EPVG_00334
JF974311.1	288387	288626		plus	hypothetical protein			protein-coding			AET98222.1	hypothetical protein	79	EPVG_00335
JF974311.1	288688	289098		minus	hypothetical protein			protein-coding			AET98223.1	hypothetical protein	136	EPVG_00336
JF974311.1	289210	289722		minus	hypothetical protein			protein-coding			AET98224.1	hypothetical protein	170	EPVG_00337
JF974311.1	289959	290486		minus	hypothetical protein			protein-coding			AET98225.1	hypothetical protein	175	EPVG_00338
JF974311.1	290647	291069		plus	hypothetical protein			protein-coding			AET98226.1	hypothetical protein	140	EPVG_00339
JF974311.1	291095	292210		minus	hypothetical protein			protein-coding			AET98227.1	hypothetical protein	371	EPVG_00340
JF974311.1	292215	292433		minus	hypothetical protein			protein-coding			AET98228.1	hypothetical protein	72	EPVG_00341
JF974311.1	292834	293148		minus	hypothetical protein			protein-coding			AET98229.1	hypothetical protein	104	EPVG_00342
JF974311.1	293247	293858		plus	hypothetical protein			protein-coding			AET98230.1	hypothetical protein	203	EPVG_00343
JF974311.1	293939	294217		minus	hypothetical protein			protein-coding			AET98231.1	hypothetical protein	92	EPVG_00344
JF974311.1	294252	294437		plus	hypothetical protein			protein-coding			AET98232.1	hypothetical protein	61	EPVG_00345
JF974311.1	294466	295563		plus	hypothetical protein			protein-coding			AET98233.1	hypothetical protein	365	EPVG_00346
JF974311.1	295845	296384		minus	hypothetical protein			protein-coding			AET98234.1	hypothetical protein	179	EPVG_00347
JF974311.1	296459	296662		minus	hypothetical protein			protein-coding			AET98235.1	hypothetical protein	67	EPVG_00348
JF974311.1	296743	296931		minus	hypothetical protein			protein-coding			AET98236.1	hypothetical protein	62	EPVG_00349
JF974311.1	296936	297952		minus	hypothetical protein			protein-coding			AET98237.1	hypothetical protein	338	EPVG_00350
JF974311.1	298322	298921		minus	hypothetical protein			protein-coding			AET98238.1	hypothetical protein	199	EPVG_00351
JF974311.1	301641	302270		minus	hypothetical protein			protein-coding			AET98239.1	hypothetical protein	209	EPVG_00352
JF974311.1	302627	303142		minus	hypothetical protein			protein-coding			AET98240.1	hypothetical protein	171	EPVG_00353
JF974311.1	304132	304286		minus	hypothetical protein			protein-coding			AET98241.1	hypothetical protein	50	EPVG_00354
JF974311.1	305603	305836		plus	hypothetical protein			protein-coding			AET98242.1	hypothetical protein	77	EPVG_00355
JF974311.1	305945	306319		plus	hypothetical protein			protein-coding			AET98243.1	hypothetical protein	124	EPVG_00356
JF974311.1	306643	307935		plus	hypothetical protein			protein-coding			AET98244.1	hypothetical protein	430	EPVG_00357
JF974311.1	307957	308574		plus	hypothetical protein			protein-coding			AET98245.1	hypothetical protein	205	EPVG_00358
JF974311.1	308600	309130		plus	hypothetical protein			protein-coding			AET98246.1	hypothetical protein	176	EPVG_00359
JF974311.1	309233	310534		minus	hypothetical protein			protein-coding			AET98247.1	hypothetical protein	433	EPVG_00360
JF974311.1	310707	311036		plus	hypothetical protein			protein-coding			AET98248.1	hypothetical protein	109	EPVG_00361
JF974311.1	311120	312250		plus	hypothetical protein			protein-coding			AET98249.1	hypothetical protein	376	EPVG_00362
JF974311.1	312591	328460		plus	hypothetical protein			protein-coding			AET98250.1	hypothetical protein	5289	EPVG_00363
JF974311.1	328501	329907		plus	hypothetical protein			protein-coding			AET98251.1	hypothetical protein	468	EPVG_00364
JF974311.1	329899	330135		minus	hypothetical protein			protein-coding			AET98252.1	hypothetical protein	78	EPVG_00365
JF974311.1	330157	330759		minus	hypothetical protein			protein-coding			AET98253.1	hypothetical protein	200	EPVG_00366
JF974311.1	330822	331418		plus	hypothetical protein			protein-coding			AET98254.1	hypothetical protein	198	EPVG_00367
JF974311.1	331430	332215		plus	hypothetical protein			protein-coding			AET98255.1	hypothetical protein	261	EPVG_00368
JF974311.1	332220	332564		plus	hypothetical protein			protein-coding			AET98256.1	hypothetical protein	114	EPVG_00369
JF974311.1	332545	333228		minus	hypothetical protein			protein-coding			AET98257.1	hypothetical protein	227	EPVG_00370
JF974311.1	333247	334176		minus	hypothetical protein			protein-coding			AET98258.1	hypothetical protein	309	EPVG_00371
JF974311.1	334214	336205		minus	hypothetical protein			protein-coding			AET98259.1	hypothetical protein	663	EPVG_00372
JF974311.1	336404	336634		minus	hypothetical protein			protein-coding			AET98260.1	hypothetical protein	76	EPVG_00373
JF974311.1	336677	336940		minus	hypothetical protein			protein-coding			AET98261.1	hypothetical protein	87	EPVG_00374
JF974311.1	336970	337236		minus	hypothetical protein			protein-coding			AET98262.1	hypothetical protein	88	EPVG_00375
JF974311.1	337915	338829		minus	hypothetical protein			protein-coding			AET98263.1	hypothetical protein	304	EPVG_00376
JF974311.1	339025	339891		plus	hypothetical protein			protein-coding			AET98264.1	hypothetical protein	288	EPVG_00377
JF974311.1	339922	340197		plus	hypothetical protein			protein-coding			AET98265.1	hypothetical protein	91	EPVG_00378
JF974311.1	340217	340729		plus	hypothetical protein			protein-coding			AET98266.1	hypothetical protein	170	EPVG_00379
JF974311.1	340726	341316		minus	thioredoxin protein			protein-coding			AET98267.1	thioredoxin protein	196	EPVG_00380
JF974311.1	341339	341671		minus	hypothetical protein			protein-coding			AET98268.1	hypothetical protein	110	EPVG_00381
JF974311.1	341781	342098		minus	hypothetical protein			protein-coding			AET98269.1	hypothetical protein	105	EPVG_00382
JF974311.1	342095	343543		minus	hypothetical protein			protein-coding			AET98270.1	hypothetical protein	482	EPVG_00383
JF974311.1	343588	344493		minus	hypothetical protein			protein-coding			AET98271.1	hypothetical protein	301	EPVG_00384
JF974311.1	344532	344765		minus	hypothetical protein			protein-coding			AET98272.1	hypothetical protein	77	EPVG_00385
JF974311.1	344908	347009		plus	hypothetical protein			protein-coding			AET98273.1	hypothetical protein	675	EPVG_00386
JF974311.1	347014	347259		plus	hypothetical protein			protein-coding			AET98274.1	hypothetical protein	81	EPVG_00387
JF974311.1	347276	347482		plus	hypothetical protein			protein-coding			AET98275.1	hypothetical protein	68	EPVG_00388
JF974311.1	347507	347845		plus	hypothetical protein			protein-coding			AET98276.1	hypothetical protein	112	EPVG_00389
JF974311.1	347822	348025		minus	hypothetical protein			protein-coding			AET98277.1	hypothetical protein	67	EPVG_00390
JF974311.1	348073	348249		plus	hypothetical protein			protein-coding			AET98278.1	hypothetical protein	58	EPVG_00391
JF974311.1	348489	350471		minus	hypothetical protein			protein-coding			AET98279.1	hypothetical protein	660	EPVG_00392
JF974311.1	350508	351635		minus	hypothetical protein			protein-coding			AET98280.1	hypothetical protein	375	EPVG_00393
JF974311.1	351705	352649		plus	hypothetical protein			protein-coding			AET98281.1	hypothetical protein	314	EPVG_00394
JF974311.1	352681	353496		minus	hypothetical protein			protein-coding			AET98282.1	hypothetical protein	271	EPVG_00395
JF974311.1	353523	353921		plus	hypothetical protein			protein-coding			AET98283.1	hypothetical protein	132	EPVG_00396
JF974311.1	353918	354490		minus	hypothetical protein			protein-coding			AET98284.1	hypothetical protein	190	EPVG_00397
JF974311.1	354606	355298		plus	hypothetical protein			protein-coding			AET98285.1	hypothetical protein	230	EPVG_00398
JF974311.1	355321	356208		plus	hypothetical protein			protein-coding			AET98286.1	hypothetical protein	295	EPVG_00399
JF974311.1	356264	356677		plus	hypothetical protein			protein-coding			AET98287.1	hypothetical protein	137	EPVG_00400
JF974311.1	356827	357513		plus	hypothetical protein			protein-coding			AET98288.1	hypothetical protein	228	EPVG_00401
JF974311.1	357646	358131		minus	hypothetical protein			protein-coding			AET98289.1	hypothetical protein	161	EPVG_00402
JF974311.1	358163	361474		minus	DNA topoisomerase II			protein-coding			AET98290.1	DNA topoisomerase II	1103	EPVG_00403
JF974311.1	361665	366974		minus	hypothetical protein			protein-coding			AET98291.1	hypothetical protein	1769	EPVG_00404
JF974311.1	367412	368086		plus	hypothetical protein			protein-coding			AET98292.1	hypothetical protein	224	EPVG_00405
JF974311.1	368343	369134		minus	hypothetical protein			protein-coding			AET98293.1	hypothetical protein	263	EPVG_00406
JF974311.1	369280	369885		plus	hypothetical protein			protein-coding			AET98294.1	hypothetical protein	201	EPVG_00407
JF974311.1	369912	370571		minus	hypothetical protein			protein-coding			AET98295.1	hypothetical protein	219	EPVG_00408
JF974311.1	370614	370868		minus	hypothetical protein			protein-coding			AET98296.1	hypothetical protein	84	EPVG_00409
JF974311.1	370904	372529		minus	hypothetical protein			protein-coding			AET98297.1	hypothetical protein	541	EPVG_00410
JF974311.1	372564	373583		plus	hypothetical protein			protein-coding			AET98298.1	hypothetical protein	339	EPVG_00411
JF974311.1	373580	373957		plus	hypothetical protein			protein-coding			AET98299.1	hypothetical protein	125	EPVG_00412
JF974311.1	374013	375257		plus	hypothetical protein			protein-coding			AET98300.1	hypothetical protein	414	EPVG_00413
JF974311.1	375258	376319		minus	hypothetical protein			protein-coding			AET98301.1	hypothetical protein	353	EPVG_00414
JF974311.1	376591	377805		plus	hypothetical protein			protein-coding			AET98302.1	hypothetical protein	404	EPVG_00415
JF974311.1	377802	379469		minus	hypothetical protein			protein-coding			AET98303.1	hypothetical protein	555	EPVG_00416
JF974311.1	379494	379919		minus	hypothetical protein			protein-coding			AET98304.1	hypothetical protein	141	EPVG_00417
JF974311.1	379964	381289		plus	hypothetical protein			protein-coding			AET98305.1	hypothetical protein	441	EPVG_00418
JF974311.1	381492	382481		minus	hypothetical protein			protein-coding			AET98306.1	hypothetical protein	329	EPVG_00419
JF974311.1	382558	383499		plus	hypothetical protein			protein-coding			AET98307.1	hypothetical protein	313	EPVG_00420
JF974311.1	383496	384008		minus	hypothetical protein			protein-coding			AET98308.1	hypothetical protein	170	EPVG_00421
JF974311.1	384076	384336		plus	hypothetical protein			protein-coding			AET98309.1	hypothetical protein	86	EPVG_00422
JF974311.1	384373	385101		plus	hypothetical protein			protein-coding			AET98310.1	hypothetical protein	242	EPVG_00423
JF974311.1	385152	386051		minus	hypothetical protein			protein-coding			AET98311.1	hypothetical protein	299	EPVG_00424
JF974311.1	386086	386277		minus	hypothetical protein			protein-coding			AET98312.1	hypothetical protein	63	EPVG_00425
JF974311.1	386323	386685		plus	hypothetical protein			protein-coding			AET98313.1	hypothetical protein	120	EPVG_00426
JF974311.1	386776	387378		minus	hypothetical protein			protein-coding			AET98314.1	hypothetical protein	200	EPVG_00427
JF974311.1	389207	391594		plus	hypothetical protein			protein-coding			AET98315.1	hypothetical protein	795	EPVG_00428
JF974311.1	391805	392380		minus	hypothetical protein			protein-coding			AET98316.1	hypothetical protein	191	EPVG_00429
JF974311.1	392418	392852		minus	hypothetical protein			protein-coding			AET98317.1	hypothetical protein	144	EPVG_00430
JF974311.1	392903	393469		plus	hypothetical protein			protein-coding			AET98318.1	hypothetical protein	188	EPVG_00431
JF974311.1	393469	394731		plus	hypothetical protein			protein-coding			AET98319.1	hypothetical protein	420	EPVG_00432
JF974311.1	394809	396206		plus	hypothetical protein			protein-coding			AET98320.1	hypothetical protein	465	EPVG_00433
JF974311.1	396235	396747		plus	hypothetical protein			protein-coding			AET98321.1	hypothetical protein	170	EPVG_00434
JF974311.1	396793	397119		plus	hypothetical protein			protein-coding			AET98322.1	hypothetical protein	108	EPVG_00435
JF974311.1	397164	397523		plus	hypothetical protein			protein-coding			AET98323.1	hypothetical protein	119	EPVG_00436
JF974311.1	397585	398340		plus	hypothetical protein			protein-coding			AET98324.1	hypothetical protein	251	EPVG_00437
JF974311.1	398249	398848		plus	hypothetical protein			protein-coding			AET98325.1	hypothetical protein	199	EPVG_00438
JF974311.1	398875	399240		plus	hypothetical protein			protein-coding			AET98326.1	hypothetical protein	121	EPVG_00439
JF974311.1	399271	400212		plus	hypothetical protein			protein-coding			AET98327.1	hypothetical protein	313	EPVG_00440
JF974311.1	400370	402175		plus	hypothetical protein			protein-coding			AET98328.1	hypothetical protein	601	EPVG_00441
JF974311.1	402126	403034		minus	hypothetical protein			protein-coding			AET98329.1	hypothetical protein	302	EPVG_00442
JF974311.1	403153	404016		plus	hypothetical protein			protein-coding			AET98330.1	hypothetical protein	287	EPVG_00443
JF974311.1	404008	404460		minus	hypothetical protein			protein-coding			AET98331.1	hypothetical protein	150	EPVG_00444
JF974311.1	404489	405232		plus	hypothetical protein			protein-coding			AET98332.1	hypothetical protein	247	EPVG_00445
JF974311.1	405229	405942		minus	hypothetical protein			protein-coding			AET98333.1	hypothetical protein	237	EPVG_00446
JF974311.1	405966	406718		minus	hypothetical protein			protein-coding			AET98334.1	hypothetical protein	250	EPVG_00447
JF974311.1	407027	407272		minus	hypothetical protein			protein-coding			AET98335.1	hypothetical protein	81	EPVG_00448
