locus_tag	protein_id	biotype	protein_name	protein_length	Accession	Begin	End	Orientation	Name
EPVG_00001	AET97889.1	protein-coding	hypothetical protein	263	JF974311.1	60	851	minus	hypothetical protein
EPVG_00002	AET97890.1	protein-coding	hypothetical protein	100	JF974311.1	929	1231	minus	hypothetical protein
EPVG_00003	AET97891.1	protein-coding	hypothetical protein	155	JF974311.1	1306	1773	minus	hypothetical protein
EPVG_00004	AET97892.1	protein-coding	hypothetical protein	205	JF974311.1	1795	2412	plus	hypothetical protein
EPVG_00005	AET97893.1	protein-coding	hypothetical protein	115	JF974311.1	2485	2832	plus	hypothetical protein
EPVG_00006	AET97894.1	protein-coding	hypothetical protein	244	JF974311.1	2901	3635	minus	hypothetical protein
EPVG_00007	AET97895.1	protein-coding	hypothetical protein	456	JF974311.1	3640	5010	minus	hypothetical protein
EPVG_00008	AET97896.1	protein-coding	hypothetical protein	162	JF974311.1	5030	5518	minus	hypothetical protein
EPVG_00009	AET97897.1	protein-coding	hypothetical protein	362	JF974311.1	5541	6629	minus	hypothetical protein
EPVG_00010	AET97898.1	protein-coding	hypothetical protein	125	JF974311.1	6634	7011	minus	hypothetical protein
EPVG_00011	AET97899.1	protein-coding	hypothetical protein	175	JF974311.1	7068	7595	plus	hypothetical protein
EPVG_00012	AET97900.1	protein-coding	hypothetical protein	72	JF974311.1	7598	7816	minus	hypothetical protein
EPVG_00013	AET97901.1	protein-coding	hypothetical protein	57	JF974311.1	8026	8199	plus	hypothetical protein
EPVG_00014	AET97902.1	protein-coding	hypothetical protein	288	JF974311.1	8204	9070	plus	hypothetical protein
EPVG_00015	AET97903.1	protein-coding	hypothetical protein	122	JF974311.1	9125	9493	plus	hypothetical protein
EPVG_00016	AET97904.1	protein-coding	hypothetical protein	78	JF974311.1	9518	9754	plus	hypothetical protein
EPVG_00017	AET97905.1	protein-coding	hypothetical protein	767	JF974311.1	9756	12059	minus	hypothetical protein
EPVG_00018	AET97906.1	protein-coding	flap endonuclease-1	358	JF974311.1	12070	13146	minus	flap endonuclease-1
EPVG_00019	AET97907.1	protein-coding	hypothetical protein	591	JF974311.1	13156	14931	minus	hypothetical protein
EPVG_00020	AET97908.1	protein-coding	proliferating cell nuclear antigen	259	JF974311.1	14937	15716	minus	proliferating cell nuclear antigen
EPVG_00021	AET97909.1	protein-coding	serine protease	409	JF974311.1	15765	16994	plus	serine protease
EPVG_00022	AET97910.1	protein-coding	phosphoglycerate mutase	429	JF974311.1	16979	18268	minus	phosphoglycerate mutase
EPVG_00023	AET97911.1	protein-coding	deoxycytidylate deaminase	173	JF974311.1	18513	19034	minus	deoxycytidylate deaminase
EPVG_00024	AET97912.1	protein-coding	hypothetical protein	171	JF974311.1	19072	19587	minus	hypothetical protein
EPVG_00025	AET97913.1	protein-coding	ribonucleoside-diphosphate reductase small subunit	325	JF974311.1	19682	20659	plus	ribonucleoside-diphosphate reductase small subunit
EPVG_00026	AET97914.1	protein-coding	hypothetical protein	150	JF974311.1	20685	21137	minus	hypothetical protein
EPVG_00027	AET97915.1	protein-coding	hypothetical protein	197	JF974311.1	21152	21745	minus	hypothetical protein
EPVG_00028	AET97916.1	protein-coding	hypothetical protein	263	JF974311.1	21792	22583	minus	hypothetical protein
EPVG_00029	AET97917.1	protein-coding	hypothetical protein	215	JF974311.1	22642	23289	minus	hypothetical protein
EPVG_00030	AET97918.1	protein-coding	DNA polymerase	1012	JF974311.1	23361	26399	plus	DNA polymerase
EPVG_00031	AET97919.1	protein-coding	hypothetical protein	328	JF974311.1	26404	27390	plus	hypothetical protein
EPVG_00032	AET97920.1	protein-coding	hypothetical protein	190	JF974311.1	27400	27972	minus	hypothetical protein
EPVG_00033	AET97921.1	protein-coding	hypothetical protein	190	JF974311.1	27981	28553	minus	hypothetical protein
EPVG_00034	AET97922.1	protein-coding	hypothetical protein	1251	JF974311.1	28603	32358	minus	hypothetical protein
EPVG_00035	AET97923.1	protein-coding	hypothetical protein	399	JF974311.1	32415	33614	minus	hypothetical protein
EPVG_00036	AET97924.1	protein-coding	hypothetical protein	170	JF974311.1	33882	34394	minus	hypothetical protein
EPVG_00037	AET97925.1	protein-coding	hypothetical protein	175	JF974311.1	34421	34948	minus	hypothetical protein
EPVG_00038	AET97926.1	protein-coding	hypothetical protein	113	JF974311.1	34985	35326	minus	hypothetical protein
EPVG_00039	AET97927.1	protein-coding	hypothetical protein	150	JF974311.1	35402	35854	minus	hypothetical protein
EPVG_00040	AET97928.1	protein-coding	hypothetical protein	322	JF974311.1	35887	36855	minus	hypothetical protein
EPVG_00041	AET97929.1	protein-coding	hypothetical protein	135	JF974311.1	37337	37744	minus	hypothetical protein
EPVG_00042	AET97930.1	protein-coding	hypothetical protein	420	JF974311.1	38164	39426	plus	hypothetical protein
EPVG_00043	AET97931.1	protein-coding	hypothetical protein	112	JF974311.1	39883	40221	minus	hypothetical protein
EPVG_00044	AET97932.1	protein-coding	hypothetical protein	173	JF974311.1	40262	40783	minus	hypothetical protein
EPVG_00045	AET97933.1	protein-coding	hypothetical protein	219	JF974311.1	41177	41836	minus	hypothetical protein
EPVG_00046	AET97934.1	protein-coding	hypothetical protein	198	JF974311.1	41846	42442	plus	hypothetical protein
EPVG_00047	AET97935.1	protein-coding	hypothetical protein	105	JF974311.1	42466	42783	plus	hypothetical protein
EPVG_00048	AET97936.1	protein-coding	serine palmitoyltransferase	870	JF974311.1	42778	45390	minus	serine palmitoyltransferase
EPVG_00049	AET97937.1	protein-coding	hypothetical protein	142	JF974311.1	45403	45831	minus	hypothetical protein
EPVG_00050	AET97938.1	protein-coding	hypothetical protein	172	JF974311.1	46021	46539	minus	hypothetical protein
EPVG_00051	AET97939.1	protein-coding	hypothetical protein	131	JF974311.1	46600	46995	minus	hypothetical protein
EPVG_00052	AET97940.1	protein-coding	hypothetical protein	309	JF974311.1	47054	47983	minus	hypothetical protein
EPVG_00053	AET97941.1	protein-coding	hypothetical protein	238	JF974311.1	48048	48764	plus	hypothetical protein
EPVG_00054	AET97942.1	protein-coding	hypothetical protein	295	JF974311.1	48730	49617	minus	hypothetical protein
EPVG_00055	AET97943.1	protein-coding	hypothetical protein	76	JF974311.1	49660	49890	plus	hypothetical protein
EPVG_00056	AET97944.1	protein-coding	hypothetical protein	867	JF974311.1	49868	52471	plus	hypothetical protein
EPVG_00057	AET97945.1	protein-coding	hypothetical protein	138	JF974311.1	52528	52944	plus	hypothetical protein
EPVG_00058	AET97946.1	protein-coding	hypothetical protein	1990	JF974311.1	52983	58955	minus	hypothetical protein
EPVG_00059	AET97947.1	protein-coding	fatty acid desaturase	320	JF974311.1	59008	59970	minus	fatty acid desaturase
EPVG_00060	AET97948.1	protein-coding	hypothetical protein	204	JF974311.1	60031	60645	plus	hypothetical protein
EPVG_00061	AET97949.1	protein-coding	hypothetical protein	137	JF974311.1	60642	61055	minus	hypothetical protein
EPVG_00062	AET97950.1	protein-coding	RNA polymerase subunit beta	1468	JF974311.1	61077	65554	minus	RNA polymerase subunit beta
EPVG_00063	AET97951.1	protein-coding	hypothetical protein	176	JF974311.1	65601	66131	minus	hypothetical protein
EPVG_00064	AET97952.1	protein-coding	hypothetical protein	413	JF974311.1	66173	67414	plus	hypothetical protein
EPVG_00065	AET97953.1	protein-coding	hypothetical protein	397	JF974311.1	67558	68751	plus	hypothetical protein
EPVG_00066	AET97954.1	protein-coding	hypothetical protein	447	JF974311.1	68766	70109	minus	hypothetical protein
EPVG_00067	AET97955.1	protein-coding	hypothetical protein	279	JF974311.1	70152	70991	plus	hypothetical protein
EPVG_00068	AET97956.1	protein-coding	hypothetical protein	132	JF974311.1	70981	71379	minus	hypothetical protein
EPVG_00069	AET97957.1	protein-coding	hypothetical protein	180	JF974311.1	71393	71935	minus	hypothetical protein
EPVG_00070	AET97958.1	protein-coding	hypothetical protein	293	JF974311.1	71985	72866	plus	hypothetical protein
EPVG_00071	AET97959.1	protein-coding	hypothetical protein	159	JF974311.1	73157	73636	minus	hypothetical protein
EPVG_00072	AET97960.1	protein-coding	hypothetical protein	154	JF974311.1	73572	74036	minus	hypothetical protein
EPVG_00073	AET97961.1	protein-coding	hypothetical protein	120	JF974311.1	74154	74516	minus	hypothetical protein
EPVG_00074	AET97962.1	protein-coding	hypothetical protein	318	JF974311.1	74537	75493	minus	hypothetical protein
EPVG_00075	AET97963.1	protein-coding	fatty acid elongase	322	JF974311.1	75373	76341	minus	fatty acid elongase
EPVG_00076	AET97964.1	protein-coding	hypothetical protein	288	JF974311.1	76379	77245	plus	hypothetical protein
EPVG_00077	AET97965.1	protein-coding	hypothetical protein	243	JF974311.1	77249	77980	minus	hypothetical protein
EPVG_00078	AET97966.1	protein-coding	hypothetical protein	89	JF974311.1	78024	78293	plus	hypothetical protein
EPVG_00079	AET97967.1	protein-coding	hypothetical protein	96	JF974311.1	78296	78586	minus	hypothetical protein
EPVG_00080	AET97968.1	protein-coding	hypothetical protein	175	JF974311.1	78654	79181	minus	hypothetical protein
EPVG_00081	AET97969.1	protein-coding	hypothetical protein	274	JF974311.1	79230	80054	plus	hypothetical protein
EPVG_00082	AET97970.1	protein-coding	hypothetical protein	394	JF974311.1	80082	81266	minus	hypothetical protein
EPVG_00083	AET97971.1	protein-coding	major capsid protein	496	JF974311.1	81471	82961	minus	major capsid protein
EPVG_00084	AET97972.1	protein-coding	hypothetical protein	601	JF974311.1	83168	84973	plus	hypothetical protein
EPVG_00085	AET97973.1	protein-coding	hypothetical protein	205	JF974311.1	84989	85606	minus	hypothetical protein
EPVG_00086	AET97974.1	protein-coding	hypothetical protein	192	JF974311.1	85680	86258	plus	hypothetical protein
EPVG_00087	AET97975.1	protein-coding	hypothetical protein	203	JF974311.1	86279	86890	plus	hypothetical protein
EPVG_00088	AET97976.1	protein-coding	hypothetical protein	116	JF974311.1	86926	87276	minus	hypothetical protein
EPVG_00089	AET97977.1	protein-coding	hypothetical protein	181	JF974311.1	87284	87829	minus	hypothetical protein
EPVG_00090	AET97978.1	protein-coding	HNH endonuclease	126	JF974311.1	87861	88241	plus	HNH endonuclease
EPVG_00091	AET97979.1	protein-coding	hypothetical protein	120	JF974311.1	88475	88837	plus	hypothetical protein
EPVG_00092	AET97980.1	protein-coding	hypothetical protein	530	JF974311.1	88880	90472	plus	hypothetical protein
EPVG_00093	AET97981.1	protein-coding	hypothetical protein	109	JF974311.1	90420	90749	minus	hypothetical protein
EPVG_00094	AET97982.1	protein-coding	hypothetical protein	157	JF974311.1	90771	91244	minus	hypothetical protein
EPVG_00095	AET97983.1	protein-coding	hypothetical protein	115	JF974311.1	91286	91633	minus	hypothetical protein
EPVG_00096	AET97984.1	protein-coding	hypothetical protein	442	JF974311.1	91682	93010	minus	hypothetical protein
EPVG_00097	AET97985.1	protein-coding	hypothetical protein	71	JF974311.1	93018	93233	minus	hypothetical protein
EPVG_00098	AET97986.1	protein-coding	hypothetical protein	353	JF974311.1	93275	94336	minus	hypothetical protein
EPVG_00099	AET97987.1	protein-coding	hypothetical protein	268	JF974311.1	94362	95168	minus	hypothetical protein
EPVG_00100	AET97988.1	protein-coding	hypothetical protein	195	JF974311.1	95201	95788	plus	hypothetical protein
EPVG_00101	AET97989.1	protein-coding	hypothetical protein	117	JF974311.1	95785	96138	minus	hypothetical protein
EPVG_00102	AET97990.1	protein-coding	DNA helicase	527	JF974311.1	96143	97726	minus	DNA helicase
EPVG_00103	AET97991.1	protein-coding	transcription factor S-II family protein	168	JF974311.1	97812	98318	plus	transcription factor S-II family protein
EPVG_00104	AET97992.1	protein-coding	hypothetical protein	467	JF974311.1	98384	99787	plus	hypothetical protein
EPVG_00105	AET97993.1	protein-coding	hypothetical protein	669	JF974311.1	99827	101836	plus	hypothetical protein
EPVG_00106	AET97994.1	protein-coding	hypothetical protein	214	JF974311.1	101888	102532	plus	hypothetical protein
EPVG_00107	AET97995.1	protein-coding	hypothetical protein	175	JF974311.1	102533	103060	minus	hypothetical protein
EPVG_00108	AET97996.1	protein-coding	hypothetical protein	278	JF974311.1	103093	103929	plus	hypothetical protein
EPVG_00109	AET97997.1	protein-coding	hypothetical protein	260	JF974311.1	104008	104790	plus	hypothetical protein
EPVG_00110	AET97998.1	protein-coding	hypothetical protein	246	JF974311.1	104816	105556	minus	hypothetical protein
EPVG_00111	AET97999.1	protein-coding	thymidylate synthase	480	JF974311.1	105664	107106	plus	thymidylate synthase
EPVG_00112	AET98000.1	protein-coding	hypothetical protein	112	JF974311.1	107107	107445	minus	hypothetical protein
EPVG_00113	AET98001.1	protein-coding	hypothetical protein	139	JF974311.1	107507	107926	plus	hypothetical protein
EPVG_00114	AET98002.1	protein-coding	hypothetical protein	327	JF974311.1	107921	108904	minus	hypothetical protein
EPVG_00115	AET98003.1	protein-coding	phosphate permease	534	JF974311.1	109010	110614	plus	phosphate permease
EPVG_00116	AET98004.1	protein-coding	hypothetical protein	407	JF974311.1	110632	111855	minus	hypothetical protein
EPVG_00117	AET98005.1	protein-coding	hypothetical protein	129	JF974311.1	111896	112285	plus	hypothetical protein
EPVG_00118	AET98006.1	protein-coding	hypothetical protein	185	JF974311.1	112266	112823	minus	hypothetical protein
EPVG_00119	AET98007.1	protein-coding	hypothetical protein	268	JF974311.1	112862	113668	minus	hypothetical protein
EPVG_00120	AET98008.1	protein-coding	hypothetical protein	351	JF974311.1	113698	114753	plus	hypothetical protein
EPVG_00121	AET98009.1	protein-coding	hypothetical protein	80	JF974311.1	114789	115031	plus	hypothetical protein
EPVG_00122	AET98010.1	protein-coding	hypothetical protein	367	JF974311.1	115062	116165	plus	hypothetical protein
EPVG_00123	AET98011.1	protein-coding	hypothetical protein	170	JF974311.1	116294	116806	plus	hypothetical protein
EPVG_00124	AET98012.1	protein-coding	hypothetical protein	100	JF974311.1	116803	117105	minus	hypothetical protein
EPVG_00125	AET98013.1	protein-coding	hypothetical protein	141	JF974311.1	117106	117531	minus	hypothetical protein
EPVG_00126	AET98014.1	protein-coding	hypothetical protein	528	JF974311.1	117569	119155	minus	hypothetical protein
EPVG_00127	AET98015.1	protein-coding	hypothetical protein	376	JF974311.1	119209	120339	plus	hypothetical protein
EPVG_00128	AET98016.1	protein-coding	hypothetical protein	238	JF974311.1	120343	121059	plus	hypothetical protein
EPVG_00129	AET98017.1	protein-coding	hypothetical protein	94	JF974311.1	121067	121351	plus	hypothetical protein
EPVG_00130	AET98018.1	protein-coding	hypothetical protein	105	JF974311.1	121368	121685	minus	hypothetical protein
EPVG_00131	AET98019.1	protein-coding	hypothetical protein	211	JF974311.1	121713	122348	plus	hypothetical protein
EPVG_00132	AET98020.1	protein-coding	hypothetical protein	239	JF974311.1	123997	124716	minus	hypothetical protein
EPVG_00133	AET98021.1	protein-coding	hypothetical protein	366	JF974311.1	125577	126675	minus	hypothetical protein
EPVG_00134	AET98022.1	protein-coding	hypothetical protein	117	JF974311.1	126757	127110	minus	hypothetical protein
EPVG_00135	AET98023.1	protein-coding	hypothetical protein	146	JF974311.1	127212	127652	plus	hypothetical protein
EPVG_00136	AET98024.1	protein-coding	hypothetical protein	194	JF974311.1	127722	128306	plus	hypothetical protein
EPVG_00137	AET98025.1	protein-coding	hypothetical protein	138	JF974311.1	128334	128750	plus	hypothetical protein
EPVG_00138	AET98026.1	protein-coding	hypothetical protein	61	JF974311.1	128770	128955	plus	hypothetical protein
EPVG_00139	AET98027.1	protein-coding	hypothetical protein	165	JF974311.1	129071	129568	minus	hypothetical protein
EPVG_00140	AET98028.1	protein-coding	hypothetical protein	61	JF974311.1	129694	129879	minus	hypothetical protein
EPVG_00141	AET98029.1	protein-coding	hypothetical protein	118	JF974311.1	129895	130251	minus	hypothetical protein
EPVG_00142	AET98030.1	protein-coding	hypothetical protein	168	JF974311.1	130331	130837	minus	hypothetical protein
EPVG_00143	AET98031.1	protein-coding	hypothetical protein	152	JF974311.1	130991	131449	plus	hypothetical protein
EPVG_00144	AET98032.1	protein-coding	hypothetical protein	110	JF974311.1	131507	131839	plus	hypothetical protein
EPVG_00145	AET98033.1	protein-coding	hypothetical protein	134	JF974311.1	131862	132266	minus	hypothetical protein
EPVG_00146	AET98034.1	protein-coding	hypothetical protein	442	JF974311.1	132598	133926	minus	hypothetical protein
EPVG_00147	AET98035.1	protein-coding	hypothetical protein	111	JF974311.1	134075	134410	plus	hypothetical protein
EPVG_00148	AET98036.1	protein-coding	hypothetical protein	327	JF974311.1	135149	136132	minus	hypothetical protein
EPVG_00149	AET98037.1	protein-coding	hypothetical protein	142	JF974311.1	136172	136600	plus	hypothetical protein
EPVG_00150	AET98038.1	protein-coding	hypothetical protein	211	JF974311.1	136602	137237	minus	hypothetical protein
EPVG_00151	AET98039.1	protein-coding	hypothetical protein	114	JF974311.1	137276	137620	minus	hypothetical protein
EPVG_00152	AET98040.1	protein-coding	hypothetical protein	149	JF974311.1	137648	138097	plus	hypothetical protein
EPVG_00153	AET98041.1	protein-coding	hypothetical protein	267	JF974311.1	138134	138937	plus	hypothetical protein
EPVG_00154	AET98042.1	protein-coding	hypothetical protein	381	JF974311.1	138964	140109	plus	hypothetical protein
EPVG_00155	AET98043.1	protein-coding	hypothetical protein	142	JF974311.1	140120	140548	minus	hypothetical protein
EPVG_00156	AET98044.1	protein-coding	hypothetical protein	153	JF974311.1	140583	141044	minus	hypothetical protein
EPVG_00157	AET98045.1	protein-coding	hypothetical protein	131	JF974311.1	141082	141477	plus	hypothetical protein
EPVG_00158	AET98046.1	protein-coding	hypothetical protein	123	JF974311.1	141510	141881	plus	hypothetical protein
EPVG_00159	AET98047.1	protein-coding	hypothetical protein	140	JF974311.1	141911	142333	minus	hypothetical protein
EPVG_00160	AET98048.1	protein-coding	hypothetical protein	192	JF974311.1	142375	142953	minus	hypothetical protein
EPVG_00161	AET98049.1	protein-coding	hypothetical protein	93	JF974311.1	143187	143468	minus	hypothetical protein
EPVG_00163	AET98050.1	protein-coding	hypothetical protein	197	JF974311.1	144095	144688	plus	hypothetical protein
EPVG_00164	AET98051.1	protein-coding	hypothetical protein	292	JF974311.1	144708	145586	plus	hypothetical protein
EPVG_00165	AET98052.1	protein-coding	hypothetical protein	132	JF974311.1	145587	145985	minus	hypothetical protein
EPVG_00166	AET98053.1	protein-coding	hypothetical protein	163	JF974311.1	146043	146534	plus	hypothetical protein
EPVG_00167	AET98054.1	protein-coding	hypothetical protein	181	JF974311.1	146539	147084	plus	hypothetical protein
EPVG_00168	AET98055.1	protein-coding	hypothetical protein	321	JF974311.1	147112	148077	plus	hypothetical protein
EPVG_00169	AET98056.1	protein-coding	hypothetical protein	125	JF974311.1	148063	148440	minus	hypothetical protein
EPVG_00170	AET98057.1	protein-coding	hypothetical protein	164	JF974311.1	148506	149000	minus	hypothetical protein
EPVG_00171	AET98058.1	protein-coding	hypothetical protein	154	JF974311.1	148931	149395	plus	hypothetical protein
EPVG_00172	AET98059.1	protein-coding	hypothetical protein	210	JF974311.1	149397	150029	minus	hypothetical protein
EPVG_00173	AET98060.1	protein-coding	hypothetical protein	234	JF974311.1	150050	150754	minus	hypothetical protein
EPVG_00174	AET98061.1	protein-coding	hypothetical protein	384	JF974311.1	150777	151931	minus	hypothetical protein
EPVG_00175	AET98062.1	protein-coding	hypothetical protein	205	JF974311.1	151980	152597	minus	hypothetical protein
EPVG_00176	AET98063.1	protein-coding	hypothetical protein	116	JF974311.1	152666	153016	plus	hypothetical protein
EPVG_00177	AET98064.1	protein-coding	hypothetical protein	157	JF974311.1	153067	153540	minus	hypothetical protein
EPVG_00178	AET98065.1	protein-coding	hypothetical protein	620	JF974311.1	153610	155472	plus	hypothetical protein
EPVG_00179	AET98066.1	protein-coding	hypothetical protein	261	JF974311.1	155465	156250	plus	hypothetical protein
EPVG_00180	AET98067.1	protein-coding	hypothetical protein	681	JF974311.1	156270	158315	minus	hypothetical protein
EPVG_00181	AET98068.1	protein-coding	hypothetical protein	158	JF974311.1	158374	158850	minus	hypothetical protein
EPVG_00182	AET98069.1	protein-coding	hypothetical protein	159	JF974311.1	158926	159405	plus	hypothetical protein
EPVG_00183	AET98070.1	protein-coding	hypothetical protein	215	JF974311.1	159423	160070	minus	hypothetical protein
EPVG_00184	AET98071.1	protein-coding	hypothetical protein	477	JF974311.1	160057	161490	minus	hypothetical protein
EPVG_00185	AET98072.1	protein-coding	hypothetical protein	85	JF974311.1	161402	161659	minus	hypothetical protein
EPVG_00186	AET98073.1	protein-coding	hypothetical protein	263	JF974311.1	161680	162471	minus	hypothetical protein
EPVG_00187	AET98074.1	protein-coding	hypothetical protein	229	JF974311.1	162510	163199	minus	hypothetical protein
EPVG_00188	AET98075.1	protein-coding	hypothetical protein	154	JF974311.1	163241	163705	plus	hypothetical protein
EPVG_00189	AET98076.1	protein-coding	hypothetical protein	314	JF974311.1	163730	164674	plus	hypothetical protein
EPVG_00190	AET98077.1	protein-coding	hypothetical protein	140	JF974311.1	164726	165148	plus	hypothetical protein
EPVG_00191	AET98078.1	protein-coding	hypothetical protein	739	JF974311.1	165316	167535	plus	hypothetical protein
EPVG_00192	AET98079.1	protein-coding	hypothetical protein	198	JF974311.1	167634	168230	plus	hypothetical protein
EPVG_00193	AET98080.1	protein-coding	hypothetical protein	253	JF974311.1	168277	169038	plus	hypothetical protein
EPVG_00194	AET98081.1	protein-coding	hypothetical protein	121	JF974311.1	169040	169405	minus	hypothetical protein
EPVG_00195	AET98082.1	protein-coding	hypothetical protein	217	JF974311.1	169436	170089	minus	hypothetical protein
EPVG_00196	AET98083.1	protein-coding	hypothetical protein	105	JF974311.1	170137	170454	minus	hypothetical protein
EPVG_00197	AET98084.1	protein-coding	hypothetical protein	189	JF974311.1	170505	171074	plus	hypothetical protein
EPVG_00198	AET98085.1	protein-coding	hypothetical protein	170	JF974311.1	171105	171617	plus	hypothetical protein
EPVG_00199	AET98086.1	protein-coding	hypothetical protein	447	JF974311.1	172004	173347	plus	hypothetical protein
EPVG_00200	AET98087.1	protein-coding	hypothetical protein	113	JF974311.1	173372	173713	plus	hypothetical protein
EPVG_00201	AET98088.1	protein-coding	hypothetical protein	125	JF974311.1	173747	174124	plus	hypothetical protein
EPVG_00202	AET98089.1	protein-coding	hypothetical protein	73	JF974311.1	174162	174383	plus	hypothetical protein
EPVG_00203	AET98090.1	protein-coding	hypothetical protein	118	JF974311.1	174394	174750	plus	hypothetical protein
EPVG_00204	AET98091.1	protein-coding	hypothetical protein	129	JF974311.1	174777	175166	plus	hypothetical protein
EPVG_00205	AET98092.1	protein-coding	hypothetical protein	352	JF974311.1	175225	176283	plus	hypothetical protein
EPVG_00206	AET98093.1	protein-coding	hypothetical protein	183	JF974311.1	176334	176885	plus	hypothetical protein
EPVG_00207	AET98094.1	protein-coding	hypothetical protein	190	JF974311.1	176930	177502	plus	hypothetical protein
EPVG_00208	AET98095.1	protein-coding	hypothetical protein	378	JF974311.1	177499	178635	minus	hypothetical protein
EPVG_00209	AET98096.1	protein-coding	hypothetical protein	1240	JF974311.1	178700	182422	plus	hypothetical protein
EPVG_00210	AET98097.1	protein-coding	hypothetical protein	172	JF974311.1	182431	182949	minus	hypothetical protein
EPVG_00211	AET98098.1	protein-coding	hypothetical protein	393	JF974311.1	183058	184239	plus	hypothetical protein
EPVG_00212	AET98099.1	protein-coding	hypothetical protein	148	JF974311.1	184249	184695	minus	hypothetical protein
EPVG_00213	AET98100.1	protein-coding	hypothetical protein	252	JF974311.1	184722	185480	minus	hypothetical protein
EPVG_00214	AET98101.1	protein-coding	DnaJ domain-containing protein	336	JF974311.1	185486	186496	minus	DnaJ domain-containing protein
EPVG_00215	AET98102.1	protein-coding	hypothetical protein	168	JF974311.1	186520	187026	plus	hypothetical protein
EPVG_00216	AET98103.1	protein-coding	hypothetical protein	215	JF974311.1	187026	187673	plus	hypothetical protein
EPVG_00217	AET98104.1	protein-coding	hypothetical protein	136	JF974311.1	187666	188076	minus	hypothetical protein
EPVG_00218	AET98105.1	protein-coding	deoxyuridine 5'-triphosphate nucleotidohydrolase	148	JF974311.1	188099	188545	minus	deoxyuridine 5'-triphosphate nucleotidohydrolase
EPVG_00219	AET98106.1	protein-coding	hypothetical protein	311	JF974311.1	188598	189533	plus	hypothetical protein
EPVG_00220	AET98107.1	protein-coding	hypothetical protein	229	JF974311.1	189496	190185	minus	hypothetical protein
EPVG_00221	AET98108.1	protein-coding	hypothetical protein	202	JF974311.1	190222	190830	minus	hypothetical protein
EPVG_00222	AET98109.1	protein-coding	RNase HII	209	JF974311.1	190910	191539	plus	RNase HII
EPVG_00223	AET98110.1	protein-coding	hypothetical protein	342	JF974311.1	191529	192557	minus	hypothetical protein
EPVG_00224	AET98111.1	protein-coding	hypothetical protein	378	JF974311.1	192637	193773	plus	hypothetical protein
EPVG_00225	AET98112.1	protein-coding	hypothetical protein	82	JF974311.1	193794	194042	plus	hypothetical protein
EPVG_00226	AET98113.1	protein-coding	hypothetical protein	266	JF974311.1	194202	195002	plus	hypothetical protein
EPVG_00227	AET98114.1	protein-coding	hypothetical protein	171	JF974311.1	195100	195615	plus	hypothetical protein
EPVG_00228	AET98115.1	protein-coding	hypothetical protein	62	JF974311.1	195674	195862	plus	hypothetical protein
EPVG_00229	AET98116.1	protein-coding	hypothetical protein	161	JF974311.1	195908	196393	plus	hypothetical protein
EPVG_00230	AET98117.1	protein-coding	hypothetical protein	233	JF974311.1	196380	197081	minus	hypothetical protein
EPVG_00231	AET98118.1	protein-coding	hypothetical protein	82	JF974311.1	197145	197393	plus	hypothetical protein
EPVG_00232	AET98119.1	protein-coding	hypothetical protein	217	JF974311.1	197373	198026	minus	hypothetical protein
EPVG_00233	AET98120.1	protein-coding	hypothetical protein	367	JF974311.1	198048	199151	plus	hypothetical protein
EPVG_00234	AET98121.1	protein-coding	hypothetical protein	125	JF974311.1	199148	199525	minus	hypothetical protein
EPVG_00235	AET98122.1	protein-coding	hypothetical protein	220	JF974311.1	199551	200213	minus	hypothetical protein
EPVG_00236	AET98123.1	protein-coding	hypothetical protein	131	JF974311.1	200286	200681	plus	hypothetical protein
EPVG_00237	AET98124.1	protein-coding	fatty-acid desaturase	258	JF974311.1	200687	201463	minus	fatty-acid desaturase
EPVG_00238	AET98125.1	protein-coding	hypothetical protein	250	JF974311.1	201532	202284	plus	hypothetical protein
EPVG_00239	AET98126.1	protein-coding	hypothetical protein	298	JF974311.1	202341	203237	plus	hypothetical protein
EPVG_00240	AET98127.1	protein-coding	hypothetical protein	57	JF974311.1	203252	203425	minus	hypothetical protein
EPVG_00241	AET98128.1	protein-coding	hypothetical protein	469	JF974311.1	203464	204873	minus	hypothetical protein
EPVG_00242	AET98129.1	protein-coding	hypothetical protein	322	JF974311.1	204964	205932	minus	hypothetical protein
EPVG_00243	AET98130.1	protein-coding	hypothetical protein	285	JF974311.1	206007	206864	minus	hypothetical protein
EPVG_00244	AET98131.1	protein-coding	hypothetical protein	233	JF974311.1	206867	207568	minus	hypothetical protein
EPVG_00245	AET98132.1	protein-coding	hypothetical protein	271	JF974311.1	207595	208410	minus	hypothetical protein
EPVG_00246	AET98133.1	protein-coding	hypothetical protein	248	JF974311.1	208459	209205	minus	hypothetical protein
EPVG_00247	AET98134.1	protein-coding	hypothetical protein	353	JF974311.1	209157	210218	plus	hypothetical protein
EPVG_00248	AET98135.1	protein-coding	hypothetical protein	105	JF974311.1	210249	210566	plus	hypothetical protein
EPVG_00249	AET98136.1	protein-coding	hypothetical protein	355	JF974311.1	210563	211630	minus	hypothetical protein
EPVG_00250	AET98137.1	protein-coding	hypothetical protein	216	JF974311.1	211699	212349	plus	hypothetical protein
EPVG_00251	AET98138.1	protein-coding	ribonucleoside-diphosphate reductase	746	JF974311.1	212440	214742	plus	ribonucleoside-diphosphate reductase
EPVG_00252	AET98139.1	protein-coding	hypothetical protein	417	JF974311.1	214916	216169	plus	hypothetical protein
EPVG_00253	AET98140.1	protein-coding	hypothetical protein	169	JF974311.1	216423	216932	plus	hypothetical protein
EPVG_00254	AET98141.1	protein-coding	hypothetical protein	327	JF974311.1	216963	217946	plus	hypothetical protein
EPVG_00255	AET98142.1	protein-coding	hypothetical protein	244	JF974311.1	217976	218710	plus	hypothetical protein
EPVG_00256	AET98143.1	protein-coding	hypothetical protein	113	JF974311.1	218718	219059	plus	hypothetical protein
EPVG_00257	AET98144.1	protein-coding	RNA polymerase II	1156	JF974311.1	219062	222532	minus	RNA polymerase II
EPVG_00258	AET98145.1	protein-coding	hypothetical protein	375	JF974311.1	222633	223760	plus	hypothetical protein
EPVG_00259	AET98146.1	protein-coding	hypothetical protein	108	JF974311.1	223726	224052	minus	hypothetical protein
EPVG_00260	AET98147.1	protein-coding	hypothetical protein	134	JF974311.1	224098	224502	minus	hypothetical protein
EPVG_00261	AET98148.1	protein-coding	hypothetical protein	243	JF974311.1	224495	225226	minus	hypothetical protein
EPVG_00262	AET98149.1	protein-coding	hypothetical protein	367	JF974311.1	225269	226372	minus	hypothetical protein
EPVG_00263	AET98150.1	protein-coding	hypothetical protein	288	JF974311.1	226381	227247	minus	hypothetical protein
EPVG_00264	AET98151.1	protein-coding	hypothetical protein	328	JF974311.1	227287	228273	plus	hypothetical protein
EPVG_00265	AET98152.1	protein-coding	hypothetical protein	180	JF974311.1	228270	228812	minus	hypothetical protein
EPVG_00266	AET98153.1	protein-coding	hypothetical protein	1211	JF974311.1	228879	232514	plus	hypothetical protein
EPVG_00267	AET98154.1	protein-coding	hypothetical protein	894	JF974311.1	232628	235312	minus	hypothetical protein
EPVG_00268	AET98155.1	protein-coding	hypothetical protein	107	JF974311.1	235355	235678	minus	hypothetical protein
EPVG_00269	AET98156.1	protein-coding	hypothetical protein	352	JF974311.1	235760	236818	minus	hypothetical protein
EPVG_00270	AET98157.1	protein-coding	hypothetical protein	269	JF974311.1	237032	237841	minus	hypothetical protein
EPVG_00271	AET98158.1	protein-coding	hypothetical protein	241	JF974311.1	240128	240853	plus	hypothetical protein
EPVG_00272	AET98159.1	protein-coding	hypothetical protein	100	JF974311.1	240887	241189	plus	hypothetical protein
EPVG_00273	AET98160.1	protein-coding	hypothetical protein	422	JF974311.1	241212	242480	plus	hypothetical protein
EPVG_00274	AET98161.1	protein-coding	hypothetical protein	122	JF974311.1	242483	242851	plus	hypothetical protein
EPVG_00275	AET98162.1	protein-coding	hypothetical protein	111	JF974311.1	242880	243215	minus	hypothetical protein
EPVG_00276	AET98163.1	protein-coding	hypothetical protein	243	JF974311.1	243336	244067	plus	hypothetical protein
EPVG_00277	AET98164.1	protein-coding	hypothetical protein	100	JF974311.1	244206	244508	plus	hypothetical protein
EPVG_00278	AET98165.1	protein-coding	hypothetical protein	205	JF974311.1	244712	245329	plus	hypothetical protein
EPVG_00279	AET98166.1	protein-coding	hypothetical protein	78	JF974311.1	245366	245602	plus	hypothetical protein
EPVG_00280	AET98167.1	protein-coding	hypothetical protein	80	JF974311.1	245642	245884	plus	hypothetical protein
EPVG_00281	AET98168.1	protein-coding	hypothetical protein	184	JF974311.1	245906	246460	plus	hypothetical protein
EPVG_00282	AET98169.1	protein-coding	hypothetical protein	159	JF974311.1	246447	246926	minus	hypothetical protein
EPVG_00283	AET98170.1	protein-coding	hypothetical protein	102	JF974311.1	247013	247321	minus	hypothetical protein
EPVG_00284	AET98171.1	protein-coding	hypothetical protein	395	JF974311.1	247562	248749	plus	hypothetical protein
EPVG_00285	AET98172.1	protein-coding	hypothetical protein	314	JF974311.1	248836	249780	plus	hypothetical protein
EPVG_00286	AET98173.1	protein-coding	hypothetical protein	158	JF974311.1	249874	250350	plus	hypothetical protein
EPVG_00287	AET98174.1	protein-coding	hypothetical protein	88	JF974311.1	250331	250597	minus	hypothetical protein
EPVG_00288	AET98175.1	protein-coding	hypothetical protein	292	JF974311.1	250638	251516	minus	hypothetical protein
EPVG_00289	AET98176.1	protein-coding	hypothetical protein	95	JF974311.1	251608	251895	plus	hypothetical protein
EPVG_00290	AET98177.1	protein-coding	hypothetical protein	396	JF974311.1	251884	253074	minus	hypothetical protein
EPVG_00291	AET98178.1	protein-coding	hypothetical protein	226	JF974311.1	253139	253819	minus	hypothetical protein
EPVG_00292	AET98179.1	protein-coding	zinc finger protein	390	JF974311.1	253939	255111	plus	zinc finger protein
EPVG_00293	AET98180.1	protein-coding	hypothetical protein	778	JF974311.1	255199	257535	minus	hypothetical protein
EPVG_00294	AET98181.1	protein-coding	hypothetical protein	274	JF974311.1	257540	258364	minus	hypothetical protein
EPVG_00295	AET98182.1	protein-coding	hypothetical protein	121	JF974311.1	258408	258773	plus	hypothetical protein
EPVG_00296	AET98183.1	protein-coding	endonuclease	128	JF974311.1	258783	259169	plus	endonuclease
EPVG_00297	AET98184.1	protein-coding	hypothetical protein	273	JF974311.1	259166	259987	minus	hypothetical protein
EPVG_00298	AET98185.1	protein-coding	hypothetical protein	182	JF974311.1	260040	260588	plus	hypothetical protein
EPVG_00299	AET98186.1	protein-coding	hypothetical protein	197	JF974311.1	260568	261161	minus	hypothetical protein
EPVG_00300	AET98187.1	protein-coding	hypothetical protein	375	JF974311.1	261198	262325	minus	hypothetical protein
EPVG_00301	AET98188.1	protein-coding	hypothetical protein	210	JF974311.1	262425	263057	plus	hypothetical protein
EPVG_00302	AET98189.1	protein-coding	hypothetical protein	74	JF974311.1	263213	263437	plus	hypothetical protein
EPVG_00303	AET98190.1	protein-coding	hypothetical protein	97	JF974311.1	263430	263723	minus	hypothetical protein
EPVG_00304	AET98191.1	protein-coding	hypothetical protein	75	JF974311.1	263837	264064	plus	hypothetical protein
EPVG_00305	AET98192.1	protein-coding	hypothetical protein	124	JF974311.1	264293	264667	plus	hypothetical protein
EPVG_00306	AET98193.1	protein-coding	hypothetical protein	101	JF974311.1	264822	265127	plus	hypothetical protein
EPVG_00307	AET98194.1	protein-coding	hypothetical protein	141	JF974311.1	265201	265626	minus	hypothetical protein
EPVG_00308	AET98195.1	protein-coding	hypothetical protein	73	JF974311.1	265795	266016	minus	hypothetical protein
EPVG_00309	AET98196.1	protein-coding	hypothetical protein	2581	JF974311.1	266036	273781	minus	hypothetical protein
EPVG_00310	AET98197.1	protein-coding	hypothetical protein	70	JF974311.1	274402	274614	plus	hypothetical protein
EPVG_00311	AET98198.1	protein-coding	hypothetical protein	170	JF974311.1	274647	275159	plus	hypothetical protein
EPVG_00312	AET98199.1	protein-coding	hypothetical protein	169	JF974311.1	275156	275665	minus	hypothetical protein
EPVG_00313	AET98200.1	protein-coding	hypothetical protein	129	JF974311.1	275703	276092	minus	hypothetical protein
EPVG_00314	AET98201.1	protein-coding	hypothetical protein	254	JF974311.1	276662	277426	plus	hypothetical protein
EPVG_00315	AET98202.1	protein-coding	hypothetical protein	87	JF974311.1	277489	277752	minus	hypothetical protein
EPVG_00316	AET98203.1	protein-coding	hypothetical protein	95	JF974311.1	277795	278082	minus	hypothetical protein
EPVG_00317	AET98204.1	protein-coding	hypothetical protein	137	JF974311.1	278075	278488	minus	hypothetical protein
EPVG_00318	AET98205.1	protein-coding	hypothetical protein	88	JF974311.1	278712	278978	plus	hypothetical protein
EPVG_00319	AET98206.1	protein-coding	hypothetical protein	123	JF974311.1	279090	279461	plus	hypothetical protein
EPVG_00320	AET98207.1	protein-coding	hypothetical protein	91	JF974311.1	279555	279830	plus	hypothetical protein
EPVG_00321	AET98208.1	protein-coding	hypothetical protein	116	JF974311.1	279831	280181	minus	hypothetical protein
EPVG_00322	AET98209.1	protein-coding	hypothetical protein	71	JF974311.1	280405	280620	plus	hypothetical protein
EPVG_00323	AET98210.1	protein-coding	hypothetical protein	170	JF974311.1	280636	281148	minus	hypothetical protein
EPVG_00324	AET98211.1	protein-coding	hypothetical protein	146	JF974311.1	281255	281695	plus	hypothetical protein
EPVG_00325	AET98212.1	protein-coding	hypothetical protein	141	JF974311.1	281708	282133	minus	hypothetical protein
EPVG_00326	AET98213.1	protein-coding	hypothetical protein	53	JF974311.1	282227	282388	plus	hypothetical protein
EPVG_00327	AET98214.1	protein-coding	hypothetical protein	90	JF974311.1	282652	282924	minus	hypothetical protein
EPVG_00328	AET98215.1	protein-coding	hypothetical protein	128	JF974311.1	283661	284047	plus	hypothetical protein
EPVG_00329	AET98216.1	protein-coding	hypothetical protein	245	JF974311.1	284151	284888	minus	hypothetical protein
EPVG_00330	AET98217.1	protein-coding	hypothetical protein	225	JF974311.1	285212	285889	plus	hypothetical protein
EPVG_00331	AET98218.1	protein-coding	hypothetical protein	240	JF974311.1	285992	286714	plus	hypothetical protein
EPVG_00332	AET98219.1	protein-coding	hypothetical protein	116	JF974311.1	286868	287218	minus	hypothetical protein
EPVG_00333	AET98220.1	protein-coding	hypothetical protein	106	JF974311.1	287363	287683	minus	hypothetical protein
EPVG_00334	AET98221.1	protein-coding	hypothetical protein	162	JF974311.1	287808	288296	plus	hypothetical protein
EPVG_00335	AET98222.1	protein-coding	hypothetical protein	79	JF974311.1	288387	288626	plus	hypothetical protein
EPVG_00336	AET98223.1	protein-coding	hypothetical protein	136	JF974311.1	288688	289098	minus	hypothetical protein
EPVG_00337	AET98224.1	protein-coding	hypothetical protein	170	JF974311.1	289210	289722	minus	hypothetical protein
EPVG_00338	AET98225.1	protein-coding	hypothetical protein	175	JF974311.1	289959	290486	minus	hypothetical protein
EPVG_00339	AET98226.1	protein-coding	hypothetical protein	140	JF974311.1	290647	291069	plus	hypothetical protein
EPVG_00340	AET98227.1	protein-coding	hypothetical protein	371	JF974311.1	291095	292210	minus	hypothetical protein
EPVG_00341	AET98228.1	protein-coding	hypothetical protein	72	JF974311.1	292215	292433	minus	hypothetical protein
EPVG_00342	AET98229.1	protein-coding	hypothetical protein	104	JF974311.1	292834	293148	minus	hypothetical protein
EPVG_00343	AET98230.1	protein-coding	hypothetical protein	203	JF974311.1	293247	293858	plus	hypothetical protein
EPVG_00344	AET98231.1	protein-coding	hypothetical protein	92	JF974311.1	293939	294217	minus	hypothetical protein
EPVG_00345	AET98232.1	protein-coding	hypothetical protein	61	JF974311.1	294252	294437	plus	hypothetical protein
EPVG_00346	AET98233.1	protein-coding	hypothetical protein	365	JF974311.1	294466	295563	plus	hypothetical protein
EPVG_00347	AET98234.1	protein-coding	hypothetical protein	179	JF974311.1	295845	296384	minus	hypothetical protein
EPVG_00348	AET98235.1	protein-coding	hypothetical protein	67	JF974311.1	296459	296662	minus	hypothetical protein
EPVG_00349	AET98236.1	protein-coding	hypothetical protein	62	JF974311.1	296743	296931	minus	hypothetical protein
EPVG_00350	AET98237.1	protein-coding	hypothetical protein	338	JF974311.1	296936	297952	minus	hypothetical protein
EPVG_00351	AET98238.1	protein-coding	hypothetical protein	199	JF974311.1	298322	298921	minus	hypothetical protein
EPVG_00352	AET98239.1	protein-coding	hypothetical protein	209	JF974311.1	301641	302270	minus	hypothetical protein
EPVG_00353	AET98240.1	protein-coding	hypothetical protein	171	JF974311.1	302627	303142	minus	hypothetical protein
EPVG_00354	AET98241.1	protein-coding	hypothetical protein	50	JF974311.1	304132	304286	minus	hypothetical protein
EPVG_00355	AET98242.1	protein-coding	hypothetical protein	77	JF974311.1	305603	305836	plus	hypothetical protein
EPVG_00356	AET98243.1	protein-coding	hypothetical protein	124	JF974311.1	305945	306319	plus	hypothetical protein
EPVG_00357	AET98244.1	protein-coding	hypothetical protein	430	JF974311.1	306643	307935	plus	hypothetical protein
EPVG_00358	AET98245.1	protein-coding	hypothetical protein	205	JF974311.1	307957	308574	plus	hypothetical protein
EPVG_00359	AET98246.1	protein-coding	hypothetical protein	176	JF974311.1	308600	309130	plus	hypothetical protein
EPVG_00360	AET98247.1	protein-coding	hypothetical protein	433	JF974311.1	309233	310534	minus	hypothetical protein
EPVG_00361	AET98248.1	protein-coding	hypothetical protein	109	JF974311.1	310707	311036	plus	hypothetical protein
EPVG_00362	AET98249.1	protein-coding	hypothetical protein	376	JF974311.1	311120	312250	plus	hypothetical protein
EPVG_00363	AET98250.1	protein-coding	hypothetical protein	5289	JF974311.1	312591	328460	plus	hypothetical protein
EPVG_00364	AET98251.1	protein-coding	hypothetical protein	468	JF974311.1	328501	329907	plus	hypothetical protein
EPVG_00365	AET98252.1	protein-coding	hypothetical protein	78	JF974311.1	329899	330135	minus	hypothetical protein
EPVG_00366	AET98253.1	protein-coding	hypothetical protein	200	JF974311.1	330157	330759	minus	hypothetical protein
EPVG_00367	AET98254.1	protein-coding	hypothetical protein	198	JF974311.1	330822	331418	plus	hypothetical protein
EPVG_00368	AET98255.1	protein-coding	hypothetical protein	261	JF974311.1	331430	332215	plus	hypothetical protein
EPVG_00369	AET98256.1	protein-coding	hypothetical protein	114	JF974311.1	332220	332564	plus	hypothetical protein
EPVG_00370	AET98257.1	protein-coding	hypothetical protein	227	JF974311.1	332545	333228	minus	hypothetical protein
EPVG_00371	AET98258.1	protein-coding	hypothetical protein	309	JF974311.1	333247	334176	minus	hypothetical protein
EPVG_00372	AET98259.1	protein-coding	hypothetical protein	663	JF974311.1	334214	336205	minus	hypothetical protein
EPVG_00373	AET98260.1	protein-coding	hypothetical protein	76	JF974311.1	336404	336634	minus	hypothetical protein
EPVG_00374	AET98261.1	protein-coding	hypothetical protein	87	JF974311.1	336677	336940	minus	hypothetical protein
EPVG_00375	AET98262.1	protein-coding	hypothetical protein	88	JF974311.1	336970	337236	minus	hypothetical protein
EPVG_00376	AET98263.1	protein-coding	hypothetical protein	304	JF974311.1	337915	338829	minus	hypothetical protein
EPVG_00377	AET98264.1	protein-coding	hypothetical protein	288	JF974311.1	339025	339891	plus	hypothetical protein
EPVG_00378	AET98265.1	protein-coding	hypothetical protein	91	JF974311.1	339922	340197	plus	hypothetical protein
EPVG_00379	AET98266.1	protein-coding	hypothetical protein	170	JF974311.1	340217	340729	plus	hypothetical protein
EPVG_00380	AET98267.1	protein-coding	thioredoxin protein	196	JF974311.1	340726	341316	minus	thioredoxin protein
EPVG_00381	AET98268.1	protein-coding	hypothetical protein	110	JF974311.1	341339	341671	minus	hypothetical protein
EPVG_00382	AET98269.1	protein-coding	hypothetical protein	105	JF974311.1	341781	342098	minus	hypothetical protein
EPVG_00383	AET98270.1	protein-coding	hypothetical protein	482	JF974311.1	342095	343543	minus	hypothetical protein
EPVG_00384	AET98271.1	protein-coding	hypothetical protein	301	JF974311.1	343588	344493	minus	hypothetical protein
EPVG_00385	AET98272.1	protein-coding	hypothetical protein	77	JF974311.1	344532	344765	minus	hypothetical protein
EPVG_00386	AET98273.1	protein-coding	hypothetical protein	675	JF974311.1	344908	347009	plus	hypothetical protein
EPVG_00387	AET98274.1	protein-coding	hypothetical protein	81	JF974311.1	347014	347259	plus	hypothetical protein
EPVG_00388	AET98275.1	protein-coding	hypothetical protein	68	JF974311.1	347276	347482	plus	hypothetical protein
EPVG_00389	AET98276.1	protein-coding	hypothetical protein	112	JF974311.1	347507	347845	plus	hypothetical protein
EPVG_00390	AET98277.1	protein-coding	hypothetical protein	67	JF974311.1	347822	348025	minus	hypothetical protein
EPVG_00391	AET98278.1	protein-coding	hypothetical protein	58	JF974311.1	348073	348249	plus	hypothetical protein
EPVG_00392	AET98279.1	protein-coding	hypothetical protein	660	JF974311.1	348489	350471	minus	hypothetical protein
EPVG_00393	AET98280.1	protein-coding	hypothetical protein	375	JF974311.1	350508	351635	minus	hypothetical protein
EPVG_00394	AET98281.1	protein-coding	hypothetical protein	314	JF974311.1	351705	352649	plus	hypothetical protein
EPVG_00395	AET98282.1	protein-coding	hypothetical protein	271	JF974311.1	352681	353496	minus	hypothetical protein
EPVG_00396	AET98283.1	protein-coding	hypothetical protein	132	JF974311.1	353523	353921	plus	hypothetical protein
EPVG_00397	AET98284.1	protein-coding	hypothetical protein	190	JF974311.1	353918	354490	minus	hypothetical protein
EPVG_00398	AET98285.1	protein-coding	hypothetical protein	230	JF974311.1	354606	355298	plus	hypothetical protein
EPVG_00399	AET98286.1	protein-coding	hypothetical protein	295	JF974311.1	355321	356208	plus	hypothetical protein
EPVG_00400	AET98287.1	protein-coding	hypothetical protein	137	JF974311.1	356264	356677	plus	hypothetical protein
EPVG_00401	AET98288.1	protein-coding	hypothetical protein	228	JF974311.1	356827	357513	plus	hypothetical protein
EPVG_00402	AET98289.1	protein-coding	hypothetical protein	161	JF974311.1	357646	358131	minus	hypothetical protein
EPVG_00403	AET98290.1	protein-coding	DNA topoisomerase II	1103	JF974311.1	358163	361474	minus	DNA topoisomerase II
EPVG_00404	AET98291.1	protein-coding	hypothetical protein	1769	JF974311.1	361665	366974	minus	hypothetical protein
EPVG_00405	AET98292.1	protein-coding	hypothetical protein	224	JF974311.1	367412	368086	plus	hypothetical protein
EPVG_00406	AET98293.1	protein-coding	hypothetical protein	263	JF974311.1	368343	369134	minus	hypothetical protein
EPVG_00407	AET98294.1	protein-coding	hypothetical protein	201	JF974311.1	369280	369885	plus	hypothetical protein
EPVG_00408	AET98295.1	protein-coding	hypothetical protein	219	JF974311.1	369912	370571	minus	hypothetical protein
EPVG_00409	AET98296.1	protein-coding	hypothetical protein	84	JF974311.1	370614	370868	minus	hypothetical protein
EPVG_00410	AET98297.1	protein-coding	hypothetical protein	541	JF974311.1	370904	372529	minus	hypothetical protein
EPVG_00411	AET98298.1	protein-coding	hypothetical protein	339	JF974311.1	372564	373583	plus	hypothetical protein
EPVG_00412	AET98299.1	protein-coding	hypothetical protein	125	JF974311.1	373580	373957	plus	hypothetical protein
EPVG_00413	AET98300.1	protein-coding	hypothetical protein	414	JF974311.1	374013	375257	plus	hypothetical protein
EPVG_00414	AET98301.1	protein-coding	hypothetical protein	353	JF974311.1	375258	376319	minus	hypothetical protein
EPVG_00415	AET98302.1	protein-coding	hypothetical protein	404	JF974311.1	376591	377805	plus	hypothetical protein
EPVG_00416	AET98303.1	protein-coding	hypothetical protein	555	JF974311.1	377802	379469	minus	hypothetical protein
EPVG_00417	AET98304.1	protein-coding	hypothetical protein	141	JF974311.1	379494	379919	minus	hypothetical protein
EPVG_00418	AET98305.1	protein-coding	hypothetical protein	441	JF974311.1	379964	381289	plus	hypothetical protein
EPVG_00419	AET98306.1	protein-coding	hypothetical protein	329	JF974311.1	381492	382481	minus	hypothetical protein
EPVG_00420	AET98307.1	protein-coding	hypothetical protein	313	JF974311.1	382558	383499	plus	hypothetical protein
EPVG_00421	AET98308.1	protein-coding	hypothetical protein	170	JF974311.1	383496	384008	minus	hypothetical protein
EPVG_00422	AET98309.1	protein-coding	hypothetical protein	86	JF974311.1	384076	384336	plus	hypothetical protein
EPVG_00423	AET98310.1	protein-coding	hypothetical protein	242	JF974311.1	384373	385101	plus	hypothetical protein
EPVG_00424	AET98311.1	protein-coding	hypothetical protein	299	JF974311.1	385152	386051	minus	hypothetical protein
EPVG_00425	AET98312.1	protein-coding	hypothetical protein	63	JF974311.1	386086	386277	minus	hypothetical protein
EPVG_00426	AET98313.1	protein-coding	hypothetical protein	120	JF974311.1	386323	386685	plus	hypothetical protein
EPVG_00427	AET98314.1	protein-coding	hypothetical protein	200	JF974311.1	386776	387378	minus	hypothetical protein
EPVG_00428	AET98315.1	protein-coding	hypothetical protein	795	JF974311.1	389207	391594	plus	hypothetical protein
EPVG_00429	AET98316.1	protein-coding	hypothetical protein	191	JF974311.1	391805	392380	minus	hypothetical protein
EPVG_00430	AET98317.1	protein-coding	hypothetical protein	144	JF974311.1	392418	392852	minus	hypothetical protein
EPVG_00431	AET98318.1	protein-coding	hypothetical protein	188	JF974311.1	392903	393469	plus	hypothetical protein
EPVG_00432	AET98319.1	protein-coding	hypothetical protein	420	JF974311.1	393469	394731	plus	hypothetical protein
EPVG_00433	AET98320.1	protein-coding	hypothetical protein	465	JF974311.1	394809	396206	plus	hypothetical protein
EPVG_00434	AET98321.1	protein-coding	hypothetical protein	170	JF974311.1	396235	396747	plus	hypothetical protein
EPVG_00435	AET98322.1	protein-coding	hypothetical protein	108	JF974311.1	396793	397119	plus	hypothetical protein
EPVG_00436	AET98323.1	protein-coding	hypothetical protein	119	JF974311.1	397164	397523	plus	hypothetical protein
EPVG_00437	AET98324.1	protein-coding	hypothetical protein	251	JF974311.1	397585	398340	plus	hypothetical protein
EPVG_00438	AET98325.1	protein-coding	hypothetical protein	199	JF974311.1	398249	398848	plus	hypothetical protein
EPVG_00439	AET98326.1	protein-coding	hypothetical protein	121	JF974311.1	398875	399240	plus	hypothetical protein
EPVG_00440	AET98327.1	protein-coding	hypothetical protein	313	JF974311.1	399271	400212	plus	hypothetical protein
EPVG_00441	AET98328.1	protein-coding	hypothetical protein	601	JF974311.1	400370	402175	plus	hypothetical protein
EPVG_00442	AET98329.1	protein-coding	hypothetical protein	302	JF974311.1	402126	403034	minus	hypothetical protein
EPVG_00443	AET98330.1	protein-coding	hypothetical protein	287	JF974311.1	403153	404016	plus	hypothetical protein
EPVG_00444	AET98331.1	protein-coding	hypothetical protein	150	JF974311.1	404008	404460	minus	hypothetical protein
EPVG_00445	AET98332.1	protein-coding	hypothetical protein	247	JF974311.1	404489	405232	plus	hypothetical protein
EPVG_00446	AET98333.1	protein-coding	hypothetical protein	237	JF974311.1	405229	405942	minus	hypothetical protein
EPVG_00447	AET98334.1	protein-coding	hypothetical protein	250	JF974311.1	405966	406718	minus	hypothetical protein
EPVG_00448	AET98335.1	protein-coding	hypothetical protein	81	JF974311.1	407027	407272	minus	hypothetical protein
