Sample	run_id	lane	barcode	% Duplication	Reads After Filtering	GC content	% PF	% Adapter	sample_name	treatment	virus	timept	run_label	sample_name2
FGC2634_s_1_1_AACATCGCGC-GTCCACTTGT	FGC2634	1	AACATCGCGC-GTCCACTTGT	15.2619	25.293982	68.0157	98.80945730701028	17.026162140911122	HHQ_inf_t1_2	HHQ	inf	t1	F34	FGC2634_l1_HHQ_inf_t1_2
FGC2634_s_2_1_AACATCGCGC-GTCCACTTGT	FGC2634	2	AACATCGCGC-GTCCACTTGT	15.4386	25.848661999999997	68.0144	98.77630270141378	17.10009098589967	HHQ_inf_t1_2	HHQ	inf	t1	F34	FGC2634_l2_HHQ_inf_t1_2
FGC2639_s_1_1_AACATCGCGC-GTCCACTTGT	FGC2639	1	AACATCGCGC-GTCCACTTGT	17.9962	8.911742	68.2277	98.92673814493232	15.960035637746262	HHQ_inf_t1_2	HHQ	inf	t1	F39	FGC2639_l1_HHQ_inf_t1_2
FGC2639_s_2_1_AACATCGCGC-GTCCACTTGT	FGC2639	2	AACATCGCGC-GTCCACTTGT	17.646700000000003	8.476393999999999	68.21249999999999	98.8995082556716	15.991876522772785	HHQ_inf_t1_2	HHQ	inf	t1	F39	FGC2639_l2_HHQ_inf_t1_2
FGC2634_s_1_1_AACCATAGAA-GGCGAGATGG	FGC2634	1	AACCATAGAA-GGCGAGATGG	16.4723	22.518763999999997	67.79039999999999	98.60913205713618	9.918337348270663	HHQ_inf_t1_5	HHQ	inf	t1	F34	FGC2634_l1_HHQ_inf_t1_5
FGC2634_s_2_1_AACCATAGAA-GGCGAGATGG	FGC2634	2	AACCATAGAA-GGCGAGATGG	16.6382	22.88499	67.78410000000001	98.55838116980688	9.94470650606187	HHQ_inf_t1_5	HHQ	inf	t1	F34	FGC2634_l2_HHQ_inf_t1_5
FGC2639_s_1_1_AACCATAGAA-GGCGAGATGG	FGC2639	1	AACCATAGAA-GGCGAGATGG	18.4004	7.822106	68.0413	98.82960147774912	9.159517558378418	HHQ_inf_t1_5	HHQ	inf	t1	F39	FGC2639_l1_HHQ_inf_t1_5
FGC2639_s_2_1_AACCATAGAA-GGCGAGATGG	FGC2639	2	AACCATAGAA-GGCGAGATGG	18.123800000000003	7.483986	68.0295	98.78459348163018	9.216339984366556	HHQ_inf_t1_5	HHQ	inf	t1	F39	FGC2639_l2_HHQ_inf_t1_5
FGC2634_s_1_1_ACAGTGTATG-GAACATACGG	FGC2634	1	ACAGTGTATG-GAACATACGG	20.1537	28.433204	66.0446	98.74729743161626	11.161542306903412	DMSO_inf_t4_5	DMSO	inf	t4	F34	FGC2634_l1_DMSO_inf_t4_5
FGC2634_s_2_1_ACAGTGTATG-GAACATACGG	FGC2634	2	ACAGTGTATG-GAACATACGG	20.3572	28.917952	66.0359	98.70459139241834	11.232053657595191	DMSO_inf_t4_5	DMSO	inf	t4	F34	FGC2634_l2_DMSO_inf_t4_5
FGC2639_s_1_1_ACAGTGTATG-GAACATACGG	FGC2639	1	ACAGTGTATG-GAACATACGG	18.9544	9.75654	66.4089	98.81929831242672	10.278319540991737	DMSO_inf_t4_5	DMSO	inf	t4	F39	FGC2639_l1_DMSO_inf_t4_5
FGC2639_s_2_1_ACAGTGTATG-GAACATACGG	FGC2639	2	ACAGTGTATG-GAACATACGG	18.5602	9.326036	66.38889999999999	98.78662193215548	10.35416657398174	DMSO_inf_t4_5	DMSO	inf	t4	F39	FGC2639_l2_DMSO_inf_t4_5
FGC2634_s_1_1_ACATATCCAG-TATGTGCAAT	FGC2634	1	ACATATCCAG-TATGTGCAAT	19.2498	34.700171999999995	67.9186	98.77465383213584	8.88327580900595	DMSO_cntl_t3_3	DMSO	cntl	t3	F34	FGC2634_l1_DMSO_cntl_t3_3
FGC2634_s_2_1_ACATATCCAG-TATGTGCAAT	FGC2634	2	ACATATCCAG-TATGTGCAAT	19.4016	35.231345999999995	67.9172	98.74166501402846	8.956796468552247	DMSO_cntl_t3_3	DMSO	cntl	t3	F34	FGC2634_l2_DMSO_cntl_t3_3
FGC2639_s_1_1_ACATATCCAG-TATGTGCAAT	FGC2639	1	ACATATCCAG-TATGTGCAAT	19.7899	12.74093	68.1435	98.939252937365	7.732726343130452	DMSO_cntl_t3_3	DMSO	cntl	t3	F39	FGC2639_l1_DMSO_cntl_t3_3
FGC2639_s_2_1_ACATATCCAG-TATGTGCAAT	FGC2639	2	ACATATCCAG-TATGTGCAAT	19.2493	12.071232	68.1218	98.88593872417228	7.848727000101907	DMSO_cntl_t3_3	DMSO	cntl	t3	F39	FGC2639_l2_DMSO_cntl_t3_3
FGC2634_s_1_1_ACCACGACAT-TCGTATGCGG	FGC2634	1	ACCACGACAT-TCGTATGCGG	22.7637	44.951722	67.7227	98.5867392120302	11.761844441392528	DMSO_cntl_t2_2	DMSO	cntl	t2	F34	FGC2634_l1_DMSO_cntl_t2_2
FGC2634_s_2_1_ACCACGACAT-TCGTATGCGG	FGC2634	2	ACCACGACAT-TCGTATGCGG	22.9664	45.75198	67.7167	98.54302208612172	11.849273738126673	DMSO_cntl_t2_2	DMSO	cntl	t2	F34	FGC2634_l2_DMSO_cntl_t2_2
FGC2639_s_1_1_ACCACGACAT-TCGTATGCGG	FGC2639	1	ACCACGACAT-TCGTATGCGG	24.131	15.976108	67.9691	98.84300760360904	10.808028700410082	DMSO_cntl_t2_2	DMSO	cntl	t2	F39	FGC2639_l1_DMSO_cntl_t2_2
FGC2639_s_2_1_ACCACGACAT-TCGTATGCGG	FGC2639	2	ACCACGACAT-TCGTATGCGG	23.5184	15.221536	67.9535	98.7944400309464	10.8831539376191	DMSO_cntl_t2_2	DMSO	cntl	t2	F39	FGC2639_l2_DMSO_cntl_t2_2
FGC2634_s_1_1_ACCGGCCGTA-TGGCAATATT	FGC2634	1	ACCGGCCGTA-TGGCAATATT	29.7177	50.164162	68.0005	98.68257884341574	10.681428114309169	DMSO_inf_t2_5	DMSO	inf	t2	F34	FGC2634_l1_DMSO_inf_t2_5
FGC2634_s_2_1_ACCGGCCGTA-TGGCAATATT	FGC2634	2	ACCGGCCGTA-TGGCAATATT	30.0624	51.16077	67.9974	98.64409599291191	10.739554275763863	DMSO_inf_t2_5	DMSO	inf	t2	F34	FGC2634_l2_DMSO_inf_t2_5
FGC2639_s_1_1_ACCGGCCGTA-TGGCAATATT	FGC2639	1	ACCGGCCGTA-TGGCAATATT	25.623800000000003	17.181804	68.23599999999999	98.84237699816958	9.821162404675732	DMSO_inf_t2_5	DMSO	inf	t2	F39	FGC2639_l1_DMSO_inf_t2_5
FGC2639_s_2_1_ACCGGCCGTA-TGGCAATATT	FGC2639	2	ACCGGCCGTA-TGGCAATATT	25.036	16.514922	68.2225	98.80491850395426	9.888160560216662	DMSO_inf_t2_5	DMSO	inf	t2	F39	FGC2639_l2_DMSO_inf_t2_5
FGC2634_s_1_1_ACCGTTACAA-CTCATAGCGA	FGC2634	1	ACCGTTACAA-CTCATAGCGA	24.514	37.979198	67.2699	98.81305273580304	9.43965051390377	DMSO_cntl_t2_5	DMSO	cntl	t2	F34	FGC2634_l1_DMSO_cntl_t2_5
FGC2634_s_2_1_ACCGTTACAA-CTCATAGCGA	FGC2634	2	ACCGTTACAA-CTCATAGCGA	24.797	38.666778	67.26480000000001	98.77359817932852	9.487786458362605	DMSO_cntl_t2_5	DMSO	cntl	t2	F34	FGC2634_l2_DMSO_cntl_t2_5
FGC2639_s_1_1_ACCGTTACAA-CTCATAGCGA	FGC2639	1	ACCGTTACAA-CTCATAGCGA	23.3461	13.510008	67.5381	98.97815917436878	8.671009101882534	DMSO_cntl_t2_5	DMSO	cntl	t2	F39	FGC2639_l1_DMSO_cntl_t2_5
FGC2639_s_2_1_ACCGTTACAA-CTCATAGCGA	FGC2639	2	ACCGTTACAA-CTCATAGCGA	22.7489	12.899024	67.5244	98.941506571287	8.68327271109502	DMSO_cntl_t2_5	DMSO	cntl	t2	F39	FGC2639_l2_DMSO_cntl_t2_5
FGC2634_s_1_1_ACGCCTTGTT-TAAGGAACGT	FGC2634	1	ACGCCTTGTT-TAAGGAACGT	17.3533	40.705618	67.97290000000001	98.7760353587844	9.73383314065363	DMSO_cntl_t1_5	DMSO	cntl	t1	F34	FGC2634_l1_DMSO_cntl_t1_5
FGC2634_s_2_1_ACGCCTTGTT-TAAGGAACGT	FGC2634	2	ACGCCTTGTT-TAAGGAACGT	17.4684	41.339476	67.9673	98.73835904416616	9.812615435060003	DMSO_cntl_t1_5	DMSO	cntl	t1	F34	FGC2634_l2_DMSO_cntl_t1_5
FGC2639_s_1_1_ACGCCTTGTT-TAAGGAACGT	FGC2639	1	ACGCCTTGTT-TAAGGAACGT	19.8	14.211786	68.1673	98.84934623652504	8.829677619133271	DMSO_cntl_t1_5	DMSO	cntl	t1	F39	FGC2639_l1_DMSO_cntl_t1_5
FGC2639_s_2_1_ACGCCTTGTT-TAAGGAACGT	FGC2639	2	ACGCCTTGTT-TAAGGAACGT	19.5166	13.580982	68.1648	98.81261724055086	8.902111133892475	DMSO_cntl_t1_5	DMSO	cntl	t1	F39	FGC2639_l2_DMSO_cntl_t1_5
FGC2634_s_1_1_ACGGTCAGGA-CGGCCTCGTT	FGC2634	1	ACGGTCAGGA-CGGCCTCGTT	16.8001	31.762164	67.87140000000001	98.75158641574195	8.00343244091942	DMSO_cntl_t1_2	DMSO	cntl	t1	F34	FGC2634_l1_DMSO_cntl_t1_2
FGC2634_s_2_1_ACGGTCAGGA-CGGCCTCGTT	FGC2634	2	ACGGTCAGGA-CGGCCTCGTT	16.9827	32.375237999999996	67.8634	98.71398650584388	8.054191034232021	DMSO_cntl_t1_2	DMSO	cntl	t1	F34	FGC2634_l2_DMSO_cntl_t1_2
FGC2639_s_1_1_ACGGTCAGGA-CGGCCTCGTT	FGC2639	1	ACGGTCAGGA-CGGCCTCGTT	17.5605	10.967598	68.0586	98.89157666794584	7.31563005837053	DMSO_cntl_t1_2	DMSO	cntl	t1	F39	FGC2639_l1_DMSO_cntl_t1_2
FGC2639_s_2_1_ACGGTCAGGA-CGGCCTCGTT	FGC2639	2	ACGGTCAGGA-CGGCCTCGTT	17.2667	10.501058	68.0404	98.85989311780408	7.38113389722356	DMSO_cntl_t1_2	DMSO	cntl	t1	F39	FGC2639_l2_DMSO_cntl_t1_2
FGC2634_s_1_1_ACTCGGCAAT-GACAACTGAA	FGC2634	1	ACTCGGCAAT-GACAACTGAA	21.8494	37.00156	68.1913	98.60582045084838	10.320342946178256	HHQ_inf_t3_1	HHQ	inf	t3	F34	FGC2634_l1_HHQ_inf_t3_1
FGC2634_s_2_1_ACTCGGCAAT-GACAACTGAA	FGC2634	2	ACTCGGCAAT-GACAACTGAA	22.0994	37.646208	68.1901	98.56381331510536	10.407648631136691	HHQ_inf_t3_1	HHQ	inf	t3	F34	FGC2634_l2_HHQ_inf_t3_1
FGC2639_s_1_1_ACTCGGCAAT-GACAACTGAA	FGC2639	1	ACTCGGCAAT-GACAACTGAA	21.5182	12.309752	68.4196	98.70926416735011	9.518154370607109	HHQ_inf_t3_1	HHQ	inf	t3	F39	FGC2639_l1_HHQ_inf_t3_1
FGC2639_s_2_1_ACTCGGCAAT-GACAACTGAA	FGC2639	2	ACTCGGCAAT-GACAACTGAA	21.2289	11.854678	68.3964	98.68056628450876	9.592228005497958	HHQ_inf_t3_1	HHQ	inf	t3	F39	FGC2639_l2_HHQ_inf_t3_1
FGC2634_s_1_1_ACTCTATTGT-ATCGCATATG	FGC2634	1	ACTCTATTGT-ATCGCATATG	18.4523	34.028644	67.5373	98.72245786068642	9.5801734892222	DMSO_inf_t4_4	DMSO	inf	t4	F34	FGC2634_l1_DMSO_inf_t4_4
FGC2634_s_2_1_ACTCTATTGT-ATCGCATATG	FGC2634	2	ACTCTATTGT-ATCGCATATG	18.6381	34.624767999999996	67.52669999999999	98.68111555979486	9.641840868146554	DMSO_inf_t4_4	DMSO	inf	t4	F34	FGC2634_l2_DMSO_inf_t4_4
FGC2639_s_1_1_ACTCTATTGT-ATCGCATATG	FGC2639	1	ACTCTATTGT-ATCGCATATG	19.6582	12.195906	67.7935	98.80442163726572	8.753413339931146	DMSO_inf_t4_4	DMSO	inf	t4	F39	FGC2639_l1_DMSO_inf_t4_4
FGC2639_s_2_1_ACTCTATTGT-ATCGCATATG	FGC2639	2	ACTCTATTGT-ATCGCATATG	19.306	11.664338	67.7777	98.77486807958734	8.818721021077627	DMSO_inf_t4_4	DMSO	inf	t4	F39	FGC2639_l2_DMSO_inf_t4_4
FGC2634_s_1_1_ACTGGATCTA-TCGCCGCTAG	FGC2634	1	ACTGGATCTA-TCGCCGCTAG	29.4416	36.044737999999995	67.63419999999999	98.6899022178434	10.664791184393668	HHQ_inf_t4_5	HHQ	inf	t4	F34	FGC2634_l1_HHQ_inf_t4_5
FGC2634_s_2_1_ACTGGATCTA-TCGCCGCTAG	FGC2634	2	ACTGGATCTA-TCGCCGCTAG	29.8472	36.79462	67.6282	98.63973608296772	10.73751329217346	HHQ_inf_t4_5	HHQ	inf	t4	F34	FGC2634_l2_HHQ_inf_t4_5
FGC2639_s_1_1_ACTGGATCTA-TCGCCGCTAG	FGC2639	1	ACTGGATCTA-TCGCCGCTAG	23.9204	12.592774	67.8967	98.81769757616468	9.822418436466137	HHQ_inf_t4_5	HHQ	inf	t4	F39	FGC2639_l1_HHQ_inf_t4_5
FGC2639_s_2_1_ACTGGATCTA-TCGCCGCTAG	FGC2639	2	ACTGGATCTA-TCGCCGCTAG	23.2479	12.074658	67.8817	98.78656392682107	9.933358291794075	HHQ_inf_t4_5	HHQ	inf	t4	F39	FGC2639_l2_HHQ_inf_t4_5
FGC2634_s_1_1_ACTTCAAGCG-GAACCATGAA	FGC2634	1	ACTTCAAGCG-GAACCATGAA	7.858890000000001	31.411498	67.8069	98.8162808244276	7.559824254455549	DMSO_inf_t1_1	DMSO	inf	t1	F34	FGC2634_l1_DMSO_inf_t1_1
FGC2634_s_2_1_ACTTCAAGCG-GAACCATGAA	FGC2634	2	ACTTCAAGCG-GAACCATGAA	7.89268	31.882934	67.80199999999999	98.7762231696046	7.633546919840992	DMSO_inf_t1_1	DMSO	inf	t1	F34	FGC2634_l2_DMSO_inf_t1_1
FGC2639_s_1_1_ACTTCAAGCG-GAACCATGAA	FGC2639	1	ACTTCAAGCG-GAACCATGAA	13.553	11.504646	68.0477	98.97527116445474	6.5419634510629	DMSO_inf_t1_1	DMSO	inf	t1	F39	FGC2639_l1_DMSO_inf_t1_1
FGC2639_s_2_1_ACTTCAAGCG-GAACCATGAA	FGC2639	2	ACTTCAAGCG-GAACCATGAA	13.3964	10.942084	68.03479999999999	98.9486134911628	6.6404119963647386	DMSO_inf_t1_1	DMSO	inf	t1	F39	FGC2639_l2_DMSO_inf_t1_1
FGC2634_s_1_1_AGAGGCAACC-CTAATGATGG	FGC2634	1	AGAGGCAACC-CTAATGATGG	71.6622	23.852586	49.2911	99.5290719813852	18.665690594700383	HHQ_cntl_t1_3	HHQ	cntl	t1	F34	FGC2634_l1_HHQ_cntl_t1_3
FGC2634_s_2_1_AGAGGCAACC-CTAATGATGG	FGC2634	2	AGAGGCAACC-CTAATGATGG	72.1547	24.258726	49.2978	99.51531935429296	18.727789401726454	HHQ_cntl_t1_3	HHQ	cntl	t1	F34	FGC2634_l2_HHQ_cntl_t1_3
FGC2639_s_1_1_AGAGGCAACC-CTAATGATGG	FGC2639	1	AGAGGCAACC-CTAATGATGG	65.80420000000001	7.113385999999999	49.5038	99.76043648186908	18.717424999312808	HHQ_cntl_t1_3	HHQ	cntl	t1	F39	FGC2639_l1_HHQ_cntl_t1_3
FGC2639_s_2_1_AGAGGCAACC-CTAATGATGG	FGC2639	2	AGAGGCAACC-CTAATGATGG	64.0791	6.869332	49.498	99.73430636247696	18.70898445213101	HHQ_cntl_t1_3	HHQ	cntl	t1	F39	FGC2639_l2_HHQ_cntl_t1_3
FGC2634_s_1_1_AGGTCAGATA-CTACAAGATA	FGC2634	1	AGGTCAGATA-CTACAAGATA	16.585	23.411176	68.1139	98.84930161261936	14.585125704999522	HHQ_cntl_t2_4	HHQ	cntl	t2	F34	FGC2634_l1_HHQ_cntl_t2_4
FGC2634_s_2_1_AGGTCAGATA-CTACAAGATA	FGC2634	2	AGGTCAGATA-CTACAAGATA	16.7465	23.771506	68.1087	98.81243868779409	14.65361721231066	HHQ_cntl_t2_4	HHQ	cntl	t2	F34	FGC2634_l2_HHQ_cntl_t2_4
FGC2639_s_1_1_AGGTCAGATA-CTACAAGATA	FGC2639	1	AGGTCAGATA-CTACAAGATA	18.5508	7.963524	68.3464	98.962004967782	13.36449671258493	HHQ_cntl_t2_4	HHQ	cntl	t2	F39	FGC2639_l1_HHQ_cntl_t2_4
FGC2639_s_2_1_AGGTCAGATA-CTACAAGATA	FGC2639	2	AGGTCAGATA-CTACAAGATA	18.3282	7.637852	68.3234	98.92088921215588	13.517455640154113	HHQ_cntl_t2_4	HHQ	cntl	t2	F39	FGC2639_l2_HHQ_cntl_t2_4
FGC2634_s_1_1_AGTCAGACGA-ACCAGCGACA	FGC2634	1	AGTCAGACGA-ACCAGCGACA	18.2937	25.479734	67.8703	98.74941168299898	12.32121829211652	DMSO_inf_t1_5	DMSO	inf	t1	F34	FGC2634_l1_DMSO_inf_t1_5
FGC2634_s_2_1_AGTCAGACGA-ACCAGCGACA	FGC2634	2	AGTCAGACGA-ACCAGCGACA	18.5504	26.03571	67.869	98.70867476024134	12.411794915695952	DMSO_inf_t1_5	DMSO	inf	t1	F34	FGC2634_l2_DMSO_inf_t1_5
FGC2639_s_1_1_AGTCAGACGA-ACCAGCGACA	FGC2639	1	AGTCAGACGA-ACCAGCGACA	20.008	8.764842	68.07849999999999	98.86200059690488	11.379181915451106	DMSO_inf_t1_5	DMSO	inf	t1	F39	FGC2639_l1_DMSO_inf_t1_5
FGC2639_s_2_1_AGTCAGACGA-ACCAGCGACA	FGC2639	2	AGTCAGACGA-ACCAGCGACA	19.6991	8.41586	68.0681	98.83479634596418	11.473600124391108	DMSO_inf_t1_5	DMSO	inf	t1	F39	FGC2639_l2_DMSO_inf_t1_5
FGC2634_s_1_1_AGTGTTGCAC-CTGGTACACG	FGC2634	1	AGTGTTGCAC-CTGGTACACG	35.885099999999994	38.369198	67.7975	98.53575428012876	6.824204585149126	DMSO_cntl_t4_5	DMSO	cntl	t4	F34	FGC2634_l1_DMSO_cntl_t4_5
FGC2634_s_2_1_AGTGTTGCAC-CTGGTACACG	FGC2634	2	AGTGTTGCAC-CTGGTACACG	36.2876	39.037645999999995	67.7966	98.49659994667137	6.866338513261611	DMSO_cntl_t4_5	DMSO	cntl	t4	F34	FGC2634_l2_DMSO_cntl_t4_5
FGC2639_s_1_1_AGTGTTGCAC-CTGGTACACG	FGC2639	1	AGTGTTGCAC-CTGGTACACG	26.8573	13.155126	68.01509999999999	98.70873256650152	6.213030538411022	DMSO_cntl_t4_5	DMSO	cntl	t4	F39	FGC2639_l1_DMSO_cntl_t4_5
FGC2639_s_2_1_AGTGTTGCAC-CTGGTACACG	FGC2639	2	AGTGTTGCAC-CTGGTACACG	25.9913	12.640282	68.0017	98.67103078483092	6.244066404746721	DMSO_cntl_t4_5	DMSO	cntl	t4	F39	FGC2639_l2_DMSO_cntl_t4_5
FGC2634_s_1_1_ATGGTTGACT-GGCCTGTCCT	FGC2634	1	ATGGTTGACT-GGCCTGTCCT	13.653100000000002	27.386111999999997	67.9272	98.84410688546404	9.251685388716414	DMSO_cntl_t3_4	DMSO	cntl	t3	F34	FGC2634_l1_DMSO_cntl_t3_4
FGC2634_s_2_1_ATGGTTGACT-GGCCTGTCCT	FGC2634	2	ATGGTTGACT-GGCCTGTCCT	13.784	27.828353999999997	67.9242	98.81489678470044	9.2979913716674	DMSO_cntl_t3_4	DMSO	cntl	t3	F34	FGC2634_l2_DMSO_cntl_t3_4
FGC2639_s_1_1_ATGGTTGACT-GGCCTGTCCT	FGC2639	1	ATGGTTGACT-GGCCTGTCCT	17.0827	9.455508	68.1249	98.8981114456464	8.493275394321305	DMSO_cntl_t3_4	DMSO	cntl	t3	F39	FGC2639_l1_DMSO_cntl_t3_4
FGC2639_s_2_1_ATGGTTGACT-GGCCTGTCCT	FGC2639	2	ATGGTTGACT-GGCCTGTCCT	16.887900000000002	9.030482	68.1096	98.86234454370292	8.533215098966544	DMSO_cntl_t3_4	DMSO	cntl	t3	F39	FGC2639_l2_DMSO_cntl_t3_4
FGC2634_s_1_1_ATTCCATAAG-TGCCTGGTGG	FGC2634	1	ATTCCATAAG-TGCCTGGTGG	21.3756	30.058328	67.6023	98.52656244909096	15.673058749943705	DMSO_cntl_t3_1	DMSO	cntl	t3	F34	FGC2634_l1_DMSO_cntl_t3_1
FGC2634_s_2_1_ATTCCATAAG-TGCCTGGTGG	FGC2634	2	ATTCCATAAG-TGCCTGGTGG	21.5996	30.568496	67.6005	98.49489686268168	15.759127562290212	DMSO_cntl_t3_1	DMSO	cntl	t3	F34	FGC2634_l2_DMSO_cntl_t3_1
FGC2639_s_1_1_ATTCCATAAG-TGCCTGGTGG	FGC2639	1	ATTCCATAAG-TGCCTGGTGG	20.533199999999997	10.310744	67.8452	98.67184457099984	14.506776859820487	DMSO_cntl_t3_1	DMSO	cntl	t3	F39	FGC2639_l1_DMSO_cntl_t3_1
FGC2639_s_2_1_ATTCCATAAG-TGCCTGGTGG	FGC2639	2	ATTCCATAAG-TGCCTGGTGG	20.0826	9.873062	67.8195	98.63218507929086	14.586222949496404	DMSO_cntl_t3_1	DMSO	cntl	t3	F39	FGC2639_l2_DMSO_cntl_t3_1
FGC2634_s_1_1_CAATCGGCTG-GCTGTAGGAA	FGC2634	1	CAATCGGCTG-GCTGTAGGAA	23.1565	34.193476	68.2249	98.66408159772126	9.920211696186607	HHQ_cntl_t2_5	HHQ	cntl	t2	F34	FGC2634_l1_HHQ_cntl_t2_5
FGC2634_s_2_1_CAATCGGCTG-GCTGTAGGAA	FGC2634	2	CAATCGGCTG-GCTGTAGGAA	23.4313	34.824642	68.2217	98.6289793697491	9.987376493723987	HHQ_cntl_t2_5	HHQ	cntl	t2	F34	FGC2634_l2_HHQ_cntl_t2_5
FGC2639_s_1_1_CAATCGGCTG-GCTGTAGGAA	FGC2639	1	CAATCGGCTG-GCTGTAGGAA	20.9612	11.687022	68.4448	98.87572748015847	9.137548424649596	HHQ_cntl_t2_5	HHQ	cntl	t2	F39	FGC2639_l1_HHQ_cntl_t2_5
FGC2639_s_2_1_CAATCGGCTG-GCTGTAGGAA	FGC2639	2	CAATCGGCTG-GCTGTAGGAA	20.5143	11.235418	68.42580000000001	98.830926850946	9.221272937202166	HHQ_cntl_t2_5	HHQ	cntl	t2	F39	FGC2639_l2_HHQ_cntl_t2_5
FGC2634_s_1_1_CACAATAGGA-TCCATCCGAG	FGC2634	1	CACAATAGGA-TCCATCCGAG	15.6231	26.833792	65.0412	98.64525495882444	16.118172887791825	DMSO_inf_t4_2	DMSO	inf	t4	F34	FGC2634_l1_DMSO_inf_t4_2
FGC2634_s_2_1_CACAATAGGA-TCCATCCGAG	FGC2634	2	CACAATAGGA-TCCATCCGAG	15.8115	27.29603	65.03370000000001	98.59582021511174	16.238015885554997	DMSO_inf_t4_2	DMSO	inf	t4	F34	FGC2634_l2_DMSO_inf_t4_2
FGC2639_s_1_1_CACAATAGGA-TCCATCCGAG	FGC2639	1	CACAATAGGA-TCCATCCGAG	17.677599999999998	9.192544	65.5118	98.79482178971834	15.144268229693395	DMSO_inf_t4_2	DMSO	inf	t4	F39	FGC2639_l1_DMSO_inf_t4_2
FGC2639_s_2_1_CACAATAGGA-TCCATCCGAG	FGC2639	2	CACAATAGGA-TCCATCCGAG	17.37	8.794286	65.4921	98.75641042341474	15.173921968577751	DMSO_inf_t4_2	DMSO	inf	t4	F39	FGC2639_l2_DMSO_inf_t4_2
FGC2634_s_1_1_CAGCCGCGTA-ACTAGCCGTG	FGC2634	1	CAGCCGCGTA-ACTAGCCGTG	20.613899999999997	39.796074	67.0294	98.67404213013742	8.499028683852984	HHQ_inf_t1_3	HHQ	inf	t1	F34	FGC2634_l1_HHQ_inf_t1_3
FGC2634_s_2_1_CAGCCGCGTA-ACTAGCCGTG	FGC2634	2	CAGCCGCGTA-ACTAGCCGTG	20.8279	40.586188	67.02709999999999	98.6307195576574	8.548813134267364	HHQ_inf_t1_3	HHQ	inf	t1	F34	FGC2634_l2_HHQ_inf_t1_3
FGC2639_s_1_1_CAGCCGCGTA-ACTAGCCGTG	FGC2639	1	CAGCCGCGTA-ACTAGCCGTG	21.9763	13.49033	67.3245	98.8679348715899	7.8479432234907405	HHQ_inf_t1_3	HHQ	inf	t1	F39	FGC2639_l1_HHQ_inf_t1_3
FGC2639_s_2_1_CAGCCGCGTA-ACTAGCCGTG	FGC2639	2	CAGCCGCGTA-ACTAGCCGTG	21.5624	12.977202	67.3036	98.81701645635222	7.913568704589006	HHQ_inf_t1_3	HHQ	inf	t1	F39	FGC2639_l2_HHQ_inf_t1_3
FGC2634_s_1_1_CAGTGGCACT-TAACAATAGG	FGC2634	1	CAGTGGCACT-TAACAATAGG	24.1115	47.918358	68.1242	98.71120606278964	6.130480827801753	HHQ_inf_t2_3	HHQ	inf	t2	F34	FGC2634_l1_HHQ_inf_t2_3
FGC2634_s_2_1_CAGTGGCACT-TAACAATAGG	FGC2634	2	CAGTGGCACT-TAACAATAGG	24.3527	48.692263999999994	68.1195	98.67155236672644	6.1763209660470535	HHQ_inf_t2_3	HHQ	inf	t2	F34	FGC2634_l2_HHQ_inf_t2_3
FGC2639_s_1_1_CAGTGGCACT-TAACAATAGG	FGC2639	1	CAGTGGCACT-TAACAATAGG	22.4948	16.122038	68.3496	98.87068625367084	5.508240860247761	HHQ_inf_t2_3	HHQ	inf	t2	F39	FGC2639_l1_HHQ_inf_t2_3
FGC2639_s_2_1_CAGTGGCACT-TAACAATAGG	FGC2639	2	CAGTGGCACT-TAACAATAGG	22.0525	15.477864	68.3395	98.83863898036556	5.588576559110534	HHQ_inf_t2_3	HHQ	inf	t2	F39	FGC2639_l2_HHQ_inf_t2_3
FGC2634_s_1_1_CATTAGTGCG-TGACTACATA	FGC2634	1	CATTAGTGCG-TGACTACATA	16.058500000000002	40.916166	68.14959999999999	98.81358013218497	6.35597010700881	HHQ_cntl_t4_3	HHQ	cntl	t4	F34	FGC2634_l1_HHQ_cntl_t4_3
FGC2634_s_2_1_CATTAGTGCG-TGACTACATA	FGC2634	2	CATTAGTGCG-TGACTACATA	16.2489	41.690878	68.1485	98.77458597877724	6.405798583409412	HHQ_cntl_t4_3	HHQ	cntl	t4	F34	FGC2634_l2_HHQ_cntl_t4_3
FGC2639_s_1_1_CATTAGTGCG-TGACTACATA	FGC2639	1	CATTAGTGCG-TGACTACATA	18.1793	14.871288	68.374	98.93467164982796	5.786864343240446	HHQ_cntl_t4_3	HHQ	cntl	t4	F39	FGC2639_l1_HHQ_cntl_t4_3
FGC2639_s_2_1_CATTAGTGCG-TGACTACATA	FGC2639	2	CATTAGTGCG-TGACTACATA	17.7652	14.121692	68.35520000000001	98.90515585711007	5.872371325591921	HHQ_cntl_t4_3	HHQ	cntl	t4	F39	FGC2639_l2_HHQ_cntl_t4_3
FGC2634_s_1_1_CCACCAGGCA-CTTATGGAAT	FGC2634	1	CCACCAGGCA-CTTATGGAAT	18.7111	29.3704	67.5802	98.57595430595184	11.84513079344004	DMSO_cntl_t4_3	DMSO	cntl	t4	F34	FGC2634_l1_DMSO_cntl_t4_3
FGC2634_s_2_1_CCACCAGGCA-CTTATGGAAT	FGC2634	2	CCACCAGGCA-CTTATGGAAT	18.9336	29.906474	67.5776	98.53659041256084	11.92550612132309	DMSO_cntl_t4_3	DMSO	cntl	t4	F34	FGC2634_l2_DMSO_cntl_t4_3
FGC2639_s_1_1_CCACCAGGCA-CTTATGGAAT	FGC2639	1	CCACCAGGCA-CTTATGGAAT	19.0727	10.314354	67.84609999999999	98.78180944748443	11.034451583442769	DMSO_cntl_t4_3	DMSO	cntl	t4	F39	FGC2639_l1_DMSO_cntl_t4_3
FGC2639_s_2_1_CCACCAGGCA-CTTATGGAAT	FGC2639	2	CCACCAGGCA-CTTATGGAAT	18.6851	9.85034	67.8322	98.74168343045436	11.131582735457206	DMSO_cntl_t4_3	DMSO	cntl	t4	F39	FGC2639_l2_DMSO_cntl_t4_3
FGC2634_s_1_1_CCATCATTAG-GGTTGCCTCT	FGC2634	1	CCATCATTAG-GGTTGCCTCT	10.8736	23.706626	68.3361	98.77554227824068	9.1087594751143115	HHQ_inf_t3_4	HHQ	inf	t3	F34	FGC2634_l1_HHQ_inf_t3_4
FGC2634_s_2_1_CCATCATTAG-GGTTGCCTCT	FGC2634	2	CCATCATTAG-GGTTGCCTCT	10.9444	24.101334	68.3335	98.7398299507459	9.156919959778651	HHQ_inf_t3_4	HHQ	inf	t3	F34	FGC2634_l2_HHQ_inf_t3_4
FGC2639_s_1_1_CCATCATTAG-GGTTGCCTCT	FGC2639	1	CCATCATTAG-GGTTGCCTCT	14.8076	8.38524	68.5566	98.87669385609485	8.347029456510947	HHQ_inf_t3_4	HHQ	inf	t3	F39	FGC2639_l1_HHQ_inf_t3_4
FGC2639_s_2_1_CCATCATTAG-GGTTGCCTCT	FGC2639	2	CCATCATTAG-GGTTGCCTCT	14.6233	7.982678	68.5381	98.8481246207759	8.378369676932031	HHQ_inf_t3_4	HHQ	inf	t3	F39	FGC2639_l2_HHQ_inf_t3_4
FGC2634_s_1_1_CCATCTCGCC-TTCTATGGTT	FGC2634	1	CCATCTCGCC-TTCTATGGTT	13.8558	30.21286	68.0374	98.80855553342576	7.198606018804226	DMSO_cntl_t1_4	DMSO	cntl	t1	F34	FGC2634_l1_DMSO_cntl_t1_4
FGC2634_s_2_1_CCATCTCGCC-TTCTATGGTT	FGC2634	2	CCATCTCGCC-TTCTATGGTT	13.9255	30.70561	68.03439999999999	98.783810625047	7.268741897266493	DMSO_cntl_t1_4	DMSO	cntl	t1	F34	FGC2634_l2_DMSO_cntl_t1_4
FGC2639_s_1_1_CCATCTCGCC-TTCTATGGTT	FGC2639	1	CCATCTCGCC-TTCTATGGTT	17.1078	11.017166	68.2532	98.96258377828548	6.5498643720125065	DMSO_cntl_t1_4	DMSO	cntl	t1	F39	FGC2639_l1_DMSO_cntl_t1_4
FGC2639_s_2_1_CCATCTCGCC-TTCTATGGTT	FGC2639	2	CCATCTCGCC-TTCTATGGTT	16.6475	10.401006	68.2376	98.91320121963398	6.606914923664463	DMSO_cntl_t1_4	DMSO	cntl	t1	F39	FGC2639_l2_DMSO_cntl_t1_4
FGC2634_s_1_1_CCGTATGTTC-CATACACTGT	FGC2634	1	CCGTATGTTC-CATACACTGT	13.9508	20.628918	67.8754	98.85682356318232	13.801337680130846	HHQ_cntl_t4_2	HHQ	cntl	t4	F34	FGC2634_l1_HHQ_cntl_t4_2
FGC2634_s_2_1_CCGTATGTTC-CATACACTGT	FGC2634	2	CCGTATGTTC-CATACACTGT	14.085	20.972928	67.8666	98.82095774813531	13.858305158921214	HHQ_cntl_t4_2	HHQ	cntl	t4	F34	FGC2634_l2_HHQ_cntl_t4_2
FGC2639_s_1_1_CCGTATGTTC-CATACACTGT	FGC2639	1	CCGTATGTTC-CATACACTGT	15.679199999999998	7.06063	68.0886	98.90328010215543	12.668883994282613	HHQ_cntl_t4_2	HHQ	cntl	t4	F39	FGC2639_l1_HHQ_cntl_t4_2
FGC2639_s_2_1_CCGTATGTTC-CATACACTGT	FGC2639	2	CCGTATGTTC-CATACACTGT	15.4553	6.733416	68.0788	98.8811684203663	12.75325261204616	HHQ_cntl_t4_2	HHQ	cntl	t4	F39	FGC2639_l2_HHQ_cntl_t4_2
FGC2634_s_1_1_CCTCCGTCCA-CACATCGGTG	FGC2634	1	CCTCCGTCCA-CACATCGGTG	15.0136	31.345205999999997	66.5797	98.75227346119009	4.470227227976213	HHQ_inf_t4_4	HHQ	inf	t4	F34	FGC2634_l1_HHQ_inf_t4_4
FGC2634_s_2_1_CCTCCGTCCA-CACATCGGTG	FGC2634	2	CCTCCGTCCA-CACATCGGTG	15.1138	31.850275999999997	66.5681	98.710850562179	4.516374330120191	HHQ_inf_t4_4	HHQ	inf	t4	F34	FGC2634_l2_HHQ_inf_t4_4
FGC2639_s_1_1_CCTCCGTCCA-CACATCGGTG	FGC2639	1	CCTCCGTCCA-CACATCGGTG	19.1304	11.799404	66.9115	98.99177655588537	3.8927546104812416	HHQ_inf_t4_4	HHQ	inf	t4	F39	FGC2639_l1_HHQ_inf_t4_4
FGC2639_s_2_1_CCTCCGTCCA-CACATCGGTG	FGC2639	2	CCTCCGTCCA-CACATCGGTG	18.6784	11.174336	66.8866	98.95176622794706	3.935831168957673	HHQ_inf_t4_4	HHQ	inf	t4	F39	FGC2639_l2_HHQ_inf_t4_4
FGC2634_s_1_1_CCTCTACATG-GATACCTCCT	FGC2634	1	CCTCTACATG-GATACCTCCT	19.5503	32.004894	66.3015	98.75280091085529	9.278178042586804	DMSO_inf_t4_3	DMSO	inf	t4	F34	FGC2634_l1_DMSO_inf_t4_3
FGC2634_s_2_1_CCTCTACATG-GATACCTCCT	FGC2634	2	CCTCTACATG-GATACCTCCT	19.7501	32.506516	66.2997	98.71269825507896	9.326139986632423	DMSO_inf_t4_3	DMSO	inf	t4	F34	FGC2634_l2_DMSO_inf_t4_3
FGC2639_s_1_1_CCTCTACATG-GATACCTCCT	FGC2639	1	CCTCTACATG-GATACCTCCT	19.1877	11.323594	66.64670000000001	98.8575450462248	8.56821135809505	DMSO_inf_t4_3	DMSO	inf	t4	F39	FGC2639_l1_DMSO_inf_t4_3
FGC2639_s_2_1_CCTCTACATG-GATACCTCCT	FGC2639	2	CCTCTACATG-GATACCTCCT	18.7787	10.79389	66.6295	98.82872936675172	8.623713972788769	DMSO_inf_t4_3	DMSO	inf	t4	F39	FGC2639_l2_DMSO_inf_t4_3
FGC2634_s_1_1_CCTGTCTGTC-ACTGTTGTGA	FGC2634	1	CCTGTCTGTC-ACTGTTGTGA	16.927400000000002	35.85588	68.0678	98.69099129564344	7.269319357420849	DMSO_inf_t2_4	DMSO	inf	t2	F34	FGC2634_l1_DMSO_inf_t2_4
FGC2634_s_2_1_CCTGTCTGTC-ACTGTTGTGA	FGC2634	2	CCTGTCTGTC-ACTGTTGTGA	17.0676	36.473302	68.0663	98.65421541565856	7.312523244664377	DMSO_inf_t2_4	DMSO	inf	t2	F34	FGC2634_l2_DMSO_inf_t2_4
FGC2639_s_1_1_CCTGTCTGTC-ACTGTTGTGA	FGC2639	1	CCTGTCTGTC-ACTGTTGTGA	18.7875	11.956576	68.2776	98.84166717920333	6.61575689758592	DMSO_inf_t2_4	DMSO	inf	t2	F39	FGC2639_l1_DMSO_inf_t2_4
FGC2639_s_2_1_CCTGTCTGTC-ACTGTTGTGA	FGC2639	2	CCTGTCTGTC-ACTGTTGTGA	18.6193	11.530544	68.262	98.8041237678773	6.668149658306387	DMSO_inf_t2_4	DMSO	inf	t2	F39	FGC2639_l2_DMSO_inf_t2_4
FGC2634_s_1_1_CGACATCCGA-TACGTTCATT	FGC2634	1	CGACATCCGA-TACGTTCATT	13.0118	24.620832	68.1415	98.51017005113552	21.798395626840403	HHQ_inf_t3_3	HHQ	inf	t3	F34	FGC2634_l1_HHQ_inf_t3_3
FGC2634_s_2_1_CGACATCCGA-TACGTTCATT	FGC2634	2	CGACATCCGA-TACGTTCATT	13.1744	25.114545999999997	68.1415	98.473246944549075	21.890769139561563	HHQ_inf_t3_3	HHQ	inf	t3	F34	FGC2634_l2_HHQ_inf_t3_3
FGC2639_s_1_1_CGACATCCGA-TACGTTCATT	FGC2639	1	CGACATCCGA-TACGTTCATT	16.256899999999998	8.21851	68.3856	98.66449837534218	20.282303655065924	HHQ_inf_t3_3	HHQ	inf	t3	F39	FGC2639_l1_HHQ_inf_t3_3
FGC2639_s_2_1_CGACATCCGA-TACGTTCATT	FGC2639	2	CGACATCCGA-TACGTTCATT	16.1778	7.920955999999999	68.37140000000001	98.62415980365203	20.380165190471068	HHQ_inf_t3_3	HHQ	inf	t3	F39	FGC2639_l2_HHQ_inf_t3_3
FGC2634_s_1_1_CGAGGCCAAG-GTGTTACCGG	FGC2634	1	CGAGGCCAAG-GTGTTACCGG	25.8144	35.934114	67.9148	98.73837085557211	8.998182136022871	HHQ_cntl_t1_2	HHQ	cntl	t1	F34	FGC2634_l1_HHQ_cntl_t1_2
FGC2634_s_2_1_CGAGGCCAAG-GTGTTACCGG	FGC2634	2	CGAGGCCAAG-GTGTTACCGG	26.1052	36.573414	67.9122	98.69929867700232	9.027452251620913	HHQ_cntl_t1_2	HHQ	cntl	t1	F34	FGC2634_l2_HHQ_cntl_t1_2
FGC2639_s_1_1_CGAGGCCAAG-GTGTTACCGG	FGC2639	1	CGAGGCCAAG-GTGTTACCGG	21.5807	12.405672	68.0821	98.87075865030435	8.220580549122596	HHQ_cntl_t1_2	HHQ	cntl	t1	F39	FGC2639_l1_HHQ_cntl_t1_2
FGC2639_s_2_1_CGAGGCCAAG-GTGTTACCGG	FGC2639	2	CGAGGCCAAG-GTGTTACCGG	20.9746	11.848854	68.0768	98.83524947678984	8.257336828908395	HHQ_cntl_t1_2	HHQ	cntl	t1	F39	FGC2639_l2_HHQ_cntl_t1_2
FGC2634_s_1_1_CGGTTACGGC-AAGACTATAG	FGC2634	1	CGGTTACGGC-AAGACTATAG	15.2675	25.228782	68.1831	98.74720809417065	9.762409714157066	HHQ_cntl_t4_5	HHQ	cntl	t4	F34	FGC2634_l1_HHQ_cntl_t4_5
FGC2634_s_2_1_CGGTTACGGC-AAGACTATAG	FGC2634	2	CGGTTACGGC-AAGACTATAG	15.456600000000002	25.739016	68.1849	98.70406653291896	9.807617116046826	HHQ_cntl_t4_5	HHQ	cntl	t4	F34	FGC2634_l2_HHQ_cntl_t4_5
FGC2639_s_1_1_CGGTTACGGC-AAGACTATAG	FGC2639	1	CGGTTACGGC-AAGACTATAG	16.2391	8.307022	68.3888	98.84463810607178	8.969124667425026	HHQ_cntl_t4_5	HHQ	cntl	t4	F39	FGC2639_l1_HHQ_cntl_t4_5
FGC2639_s_2_1_CGGTTACGGC-AAGACTATAG	FGC2639	2	CGGTTACGGC-AAGACTATAG	16.0415	7.994593999999999	68.37259999999999	98.8142430259187	9.028656720550252	HHQ_cntl_t4_5	HHQ	cntl	t4	F39	FGC2639_l2_HHQ_cntl_t4_5
FGC2634_s_1_1_CGTTATTCTA-CCATAAGGTT	FGC2634	1	CGTTATTCTA-CCATAAGGTT	21.6899	34.162954	67.9588	98.79972759545495	6.261758927298942	HHQ_cntl_t1_5	HHQ	cntl	t1	F34	FGC2634_l1_HHQ_cntl_t1_5
FGC2634_s_2_1_CGTTATTCTA-CCATAAGGTT	FGC2634	2	CGTTATTCTA-CCATAAGGTT	21.8645	34.722588	67.9559	98.75799462036582	6.294903523019876	HHQ_cntl_t1_5	HHQ	cntl	t1	F34	FGC2634_l2_HHQ_cntl_t1_5
FGC2639_s_1_1_CGTTATTCTA-CCATAAGGTT	FGC2639	1	CGTTATTCTA-CCATAAGGTT	20.5926	12.247666	68.1829	98.90582048523964	5.703746055126478	HHQ_cntl_t1_5	HHQ	cntl	t1	F39	FGC2639_l1_HHQ_cntl_t1_5
FGC2639_s_2_1_CGTTATTCTA-CCATAAGGTT	FGC2639	2	CGTTATTCTA-CCATAAGGTT	20.0272	11.643552	68.1712	98.86044603025736	5.740324608249137	HHQ_cntl_t1_5	HHQ	cntl	t1	F39	FGC2639_l2_HHQ_cntl_t1_5
FGC2634_s_1_1_CTAGTGCTCT-TGGAACAGTA	FGC2634	1	CTAGTGCTCT-TGGAACAGTA	19.1275	38.068414	67.7601	98.81496530507972	15.479309667075992	DMSO_cntl_t2_1	DMSO	cntl	t2	F34	FGC2634_l1_DMSO_cntl_t2_1
FGC2634_s_2_1_CTAGTGCTCT-TGGAACAGTA	FGC2634	2	CTAGTGCTCT-TGGAACAGTA	19.3231	38.72477	67.7598	98.77880863759174	15.554542041122838	DMSO_cntl_t2_1	DMSO	cntl	t2	F34	FGC2634_l2_DMSO_cntl_t2_1
FGC2639_s_1_1_CTAGTGCTCT-TGGAACAGTA	FGC2639	1	CTAGTGCTCT-TGGAACAGTA	20.6245	12.820122	67.97710000000001	98.90756782278896	14.22857460275334	DMSO_cntl_t2_1	DMSO	cntl	t2	F39	FGC2639_l1_DMSO_cntl_t2_1
FGC2639_s_2_1_CTAGTGCTCT-TGGAACAGTA	FGC2639	2	CTAGTGCTCT-TGGAACAGTA	20.3573	12.30517	67.96379999999999	98.87226907798645	14.313019574430063	DMSO_cntl_t2_1	DMSO	cntl	t2	F39	FGC2639_l2_DMSO_cntl_t2_1
FGC2634_s_1_1_CTATTACTAC-GAGTCTCTCC	FGC2634	1	CTATTACTAC-GAGTCTCTCC	18.9584	28.56753	67.8614	98.78503610305292	8.832892721586353	DMSO_inf_t3_2	DMSO	inf	t3	F34	FGC2634_l1_DMSO_inf_t3_2
FGC2634_s_2_1_CTATTACTAC-GAGTCTCTCC	FGC2634	2	CTATTACTAC-GAGTCTCTCC	19.1777	29.118394	67.8529	98.74855082239496	8.876424361932857	DMSO_inf_t3_2	DMSO	inf	t3	F34	FGC2634_l2_DMSO_inf_t3_2
FGC2639_s_1_1_CTATTACTAC-GAGTCTCTCC	FGC2639	1	CTATTACTAC-GAGTCTCTCC	18.9449	10.326422	68.1109	98.92143070217168	8.2333446434692	DMSO_inf_t3_2	DMSO	inf	t3	F39	FGC2639_l1_DMSO_inf_t3_2
FGC2639_s_2_1_CTATTACTAC-GAGTCTCTCC	FGC2639	2	CTATTACTAC-GAGTCTCTCC	18.361	9.732726	68.09920000000001	98.9029220117378	8.26905766528878	DMSO_inf_t3_2	DMSO	inf	t3	F39	FGC2639_l2_DMSO_inf_t3_2
FGC2634_s_1_1_CTGCGAGCCA-AATCCGGCCA	FGC2634	1	CTGCGAGCCA-AATCCGGCCA	17.9807	33.795432	68.011	98.69585873440322	8.25416252019888	HHQ_cntl_t3_5	HHQ	cntl	t3	F34	FGC2634_l1_HHQ_cntl_t3_5
FGC2634_s_2_1_CTGCGAGCCA-AATCCGGCCA	FGC2634	2	CTGCGAGCCA-AATCCGGCCA	18.15	34.538826	67.9982	98.66510206414752	8.32549232388552	HHQ_cntl_t3_5	HHQ	cntl	t3	F34	FGC2634_l2_HHQ_cntl_t3_5
FGC2639_s_1_1_CTGCGAGCCA-AATCCGGCCA	FGC2639	1	CTGCGAGCCA-AATCCGGCCA	15.3352	12.452304	68.2418	98.80111753935682	7.506781501251567	HHQ_cntl_t3_5	HHQ	cntl	t3	F39	FGC2639_l1_HHQ_cntl_t3_5
FGC2639_s_2_1_CTGCGAGCCA-AATCCGGCCA	FGC2639	2	CTGCGAGCCA-AATCCGGCCA	14.5641	11.685884	68.2229	98.78129084405164	7.554654423503249	HHQ_cntl_t3_5	HHQ	cntl	t3	F39	FGC2639_l2_HHQ_cntl_t3_5
FGC2634_s_1_1_CTTGCCATTA-ATCACGAAGG	FGC2634	1	CTTGCCATTA-ATCACGAAGG	15.9251	31.990986	67.6146	98.94119177440842	10.302135870059054	HHQ_cntl_t1_1	HHQ	cntl	t1	F34	FGC2634_l1_HHQ_cntl_t1_1
FGC2634_s_2_1_CTTGCCATTA-ATCACGAAGG	FGC2634	2	CTTGCCATTA-ATCACGAAGG	16.0304	32.550736	67.6096	98.90285036735122	10.365033507102677	HHQ_cntl_t1_1	HHQ	cntl	t1	F34	FGC2634_l2_HHQ_cntl_t1_1
FGC2639_s_1_1_CTTGCCATTA-ATCACGAAGG	FGC2639	1	CTTGCCATTA-ATCACGAAGG	18.9021	11.169404	67.86280000000001	99.05473505124873	9.429928648406277	HHQ_cntl_t1_1	HHQ	cntl	t1	F39	FGC2639_l1_HHQ_cntl_t1_1
FGC2639_s_2_1_CTTGCCATTA-ATCACGAAGG	FGC2639	2	CTTGCCATTA-ATCACGAAGG	18.6187	10.65248	67.8408	99.01303730649084	9.478240049136213	HHQ_cntl_t1_1	HHQ	cntl	t1	F39	FGC2639_l2_HHQ_cntl_t1_1
FGC2634_s_1_1_GAACTGAGCG-TCGTGGAGCG	FGC2634	1	GAACTGAGCG-TCGTGGAGCG	22.8799	26.124508	66.5869	98.64464798622171	18.262354922613564	HHQ_inf_t2_1	HHQ	inf	t2	F34	FGC2634_l1_HHQ_inf_t2_1
FGC2634_s_2_1_GAACTGAGCG-TCGTGGAGCG	FGC2634	2	GAACTGAGCG-TCGTGGAGCG	23.1678	26.67047	66.5812	98.60758341437104	18.363107467653258	HHQ_inf_t2_1	HHQ	inf	t2	F34	FGC2634_l2_HHQ_inf_t2_1
FGC2639_s_1_1_GAACTGAGCG-TCGTGGAGCG	FGC2639	1	GAACTGAGCG-TCGTGGAGCG	22.3815	9.033872	66.8404	98.86648851331104	17.22737403865369	HHQ_inf_t2_1	HHQ	inf	t2	F39	FGC2639_l1_HHQ_inf_t2_1
FGC2639_s_2_1_GAACTGAGCG-TCGTGGAGCG	FGC2639	2	GAACTGAGCG-TCGTGGAGCG	21.7351	8.660852	66.8338	98.818831784221	17.27080565023811	HHQ_inf_t2_1	HHQ	inf	t2	F39	FGC2639_l2_HHQ_inf_t2_1
FGC2634_s_1_1_GAAGCGGCAC-CGGCTCTACT	FGC2634	1	GAAGCGGCAC-CGGCTCTACT	17.2979	47.732762	68.0246	98.60703365228407	10.70667466329702	DMSO_inf_t2_3	DMSO	inf	t2	F34	FGC2634_l1_DMSO_inf_t2_3
FGC2634_s_2_1_GAAGCGGCAC-CGGCTCTACT	FGC2634	2	GAAGCGGCAC-CGGCTCTACT	17.5117	48.771528000000004	68.02430000000001	98.5658900111885	10.776857171162298	DMSO_inf_t2_3	DMSO	inf	t2	F34	FGC2634_l2_DMSO_inf_t2_3
FGC2639_s_1_1_GAAGCGGCAC-CGGCTCTACT	FGC2639	1	GAAGCGGCAC-CGGCTCTACT	19.1867	16.429234	68.2319	98.77831441346817	9.816617295247898	DMSO_inf_t2_3	DMSO	inf	t2	F39	FGC2639_l1_DMSO_inf_t2_3
FGC2639_s_2_1_GAAGCGGCAC-CGGCTCTACT	FGC2639	2	GAAGCGGCAC-CGGCTCTACT	18.8272	15.750716	68.2209	98.73607273464926	9.877872477909513	DMSO_inf_t2_3	DMSO	inf	t2	F39	FGC2639_l2_DMSO_inf_t2_3
FGC2634_s_1_1_GACACCATGT-TCAACGTGTA	FGC2634	1	GACACCATGT-TCAACGTGTA	15.85	31.707744	67.97710000000001	98.7559232074618	6.996696253193445	HHQ_inf_t1_4	HHQ	inf	t1	F34	FGC2634_l1_HHQ_inf_t1_4
FGC2634_s_2_1_GACACCATGT-TCAACGTGTA	FGC2634	2	GACACCATGT-TCAACGTGTA	15.9925	32.21926	67.9714	98.71476067125865	7.039467754061385	HHQ_inf_t1_4	HHQ	inf	t1	F34	FGC2634_l2_HHQ_inf_t1_4
FGC2639_s_1_1_GACACCATGT-TCAACGTGTA	FGC2639	1	GACACCATGT-TCAACGTGTA	17.799599999999998	11.15362	68.18560000000001	98.90551124824712	6.306562906633529	HHQ_inf_t1_4	HHQ	inf	t1	F39	FGC2639_l1_HHQ_inf_t1_4
FGC2639_s_2_1_GACACCATGT-TCAACGTGTA	FGC2639	2	GACACCATGT-TCAACGTGTA	17.460800000000003	10.65642	68.1752	98.8665309903186	6.332942187625249	HHQ_inf_t1_4	HHQ	inf	t1	F39	FGC2639_l2_HHQ_inf_t1_4
FGC2634_s_1_1_GACTGAGTAG-GTTGATAGTG	FGC2634	1	GACTGAGTAG-GTTGATAGTG	13.8494	27.642028	67.3792	98.67184729631488	10.51389196967898	HHQ_inf_t4_3	HHQ	inf	t4	F34	FGC2634_l1_HHQ_inf_t4_3
FGC2634_s_2_1_GACTGAGTAG-GTTGATAGTG	FGC2634	2	GACTGAGTAG-GTTGATAGTG	13.961100000000002	28.092146	67.3775	98.63375474478492	10.572541182327894	HHQ_inf_t4_3	HHQ	inf	t4	F34	FGC2634_l2_HHQ_inf_t4_3
FGC2639_s_1_1_GACTGAGTAG-GTTGATAGTG	FGC2639	1	GACTGAGTAG-GTTGATAGTG	17.1716	9.822562	67.6513	98.83839830179144	9.568281431217262	HHQ_inf_t4_3	HHQ	inf	t4	F39	FGC2639_l1_HHQ_inf_t4_3
FGC2639_s_2_1_GACTGAGTAG-GTTGATAGTG	FGC2639	2	GACTGAGTAG-GTTGATAGTG	16.752	9.344964	67.6284	98.78157296387086	9.678073366080952	HHQ_inf_t4_3	HHQ	inf	t4	F39	FGC2639_l2_HHQ_inf_t4_3
FGC2634_s_1_1_GAGAATGGTT-TCGGCAGCAA	FGC2634	1	GAGAATGGTT-TCGGCAGCAA	14.8166	31.108687999999997	68.11070000000001	98.76842548552554	7.0430159555040115	DMSO_inf_t1_2	DMSO	inf	t1	F34	FGC2634_l1_DMSO_inf_t1_2
FGC2634_s_2_1_GAGAATGGTT-TCGGCAGCAA	FGC2634	2	GAGAATGGTT-TCGGCAGCAA	14.9168	31.610031999999997	68.1128	98.72803069292392	7.083105930103624	DMSO_inf_t1_2	DMSO	inf	t1	F34	FGC2634_l2_DMSO_inf_t1_2
FGC2639_s_1_1_GAGAATGGTT-TCGGCAGCAA	FGC2639	1	GAGAATGGTT-TCGGCAGCAA	18.9487	10.637936	68.3226	98.90863271706756	6.378761907135039	DMSO_inf_t1_2	DMSO	inf	t1	F39	FGC2639_l1_DMSO_inf_t1_2
FGC2639_s_2_1_GAGAATGGTT-TCGGCAGCAA	FGC2639	2	GAGAATGGTT-TCGGCAGCAA	18.7477	10.218766	68.3072	98.87279146951803	6.430584370058787	DMSO_inf_t1_2	DMSO	inf	t1	F39	FGC2639_l2_DMSO_inf_t1_2
FGC2634_s_1_1_GAGTCATAGG-GTGTGGCGCT	FGC2634	1	GAGTCATAGG-GTGTGGCGCT	13.4433	28.060418	68.0668	98.58430687692238	8.598159065623005	HHQ_cntl_t3_3	HHQ	cntl	t3	F34	FGC2634_l1_HHQ_cntl_t3_3
FGC2634_s_2_1_GAGTCATAGG-GTGTGGCGCT	FGC2634	2	GAGTCATAGG-GTGTGGCGCT	13.5762	28.591436	68.0601	98.5460720936366	8.649980415856636	HHQ_cntl_t3_3	HHQ	cntl	t3	F34	FGC2634_l2_HHQ_cntl_t3_3
FGC2639_s_1_1_GAGTCATAGG-GTGTGGCGCT	FGC2639	1	GAGTCATAGG-GTGTGGCGCT	15.8908	9.852678	68.2749	98.70009737098344	7.761929948990427	HHQ_cntl_t3_3	HHQ	cntl	t3	F39	FGC2639_l1_HHQ_cntl_t3_3
FGC2639_s_2_1_GAGTCATAGG-GTGTGGCGCT	FGC2639	2	GAGTCATAGG-GTGTGGCGCT	15.5354	9.413248	68.2598	98.66852880745354	7.814869887384786	HHQ_cntl_t3_3	HHQ	cntl	t3	F39	FGC2639_l2_HHQ_cntl_t3_3
FGC2634_s_1_1_GATAGGCCGA-CGCACATGGC	FGC2634	1	GATAGGCCGA-CGCACATGGC	11.162	21.64621	67.4994	98.79971785345522	9.711973728640348	HHQ_inf_t4_1	HHQ	inf	t4	F34	FGC2634_l1_HHQ_inf_t4_1
FGC2634_s_2_1_GATAGGCCGA-CGCACATGGC	FGC2634	2	GATAGGCCGA-CGCACATGGC	11.3135	22.157612	67.4899	98.78203250065134	9.752763297200298	HHQ_inf_t4_1	HHQ	inf	t4	F34	FGC2634_l2_HHQ_inf_t4_1
FGC2639_s_1_1_GATAGGCCGA-CGCACATGGC	FGC2639	1	GATAGGCCGA-CGCACATGGC	13.9052	8.272306	67.7353	98.89673014457372	9.0319549433983	HHQ_inf_t4_1	HHQ	inf	t4	F39	FGC2639_l1_HHQ_inf_t4_1
FGC2639_s_2_1_GATAGGCCGA-CGCACATGGC	FGC2639	2	GATAGGCCGA-CGCACATGGC	13.4137	7.765992	67.72399999999999	98.87746083030162	9.019273612779372	HHQ_inf_t4_1	HHQ	inf	t4	F39	FGC2639_l2_HHQ_inf_t4_1
FGC2634_s_1_1_GATCAAGGCA-CCTTGTTAAT	FGC2634	1	GATCAAGGCA-CCTTGTTAAT	17.2537	26.191252	67.7402	98.5341053162233	19.96381612360755	DMSO_cntl_t4_1	DMSO	cntl	t4	F34	FGC2634_l1_DMSO_cntl_t4_1
FGC2634_s_2_1_GATCAAGGCA-CCTTGTTAAT	FGC2634	2	GATCAAGGCA-CCTTGTTAAT	17.4835	26.718954	67.7375	98.49904000227676	20.063764404666117	DMSO_cntl_t4_1	DMSO	cntl	t4	F34	FGC2634_l2_DMSO_cntl_t4_1
FGC2639_s_1_1_GATCAAGGCA-CCTTGTTAAT	FGC2639	1	GATCAAGGCA-CCTTGTTAAT	18.8052	9.27485	67.9818	98.75034869285427	18.88818617962526	DMSO_cntl_t4_1	DMSO	cntl	t4	F39	FGC2639_l1_DMSO_cntl_t4_1
FGC2639_s_2_1_GATCAAGGCA-CCTTGTTAAT	FGC2639	2	GATCAAGGCA-CCTTGTTAAT	18.4385	8.850947999999999	67.9688	98.70123092343007	18.98527267727351	DMSO_cntl_t4_1	DMSO	cntl	t4	F39	FGC2639_l2_DMSO_cntl_t4_1
FGC2634_s_1_1_GCAACATGGA-CTTGTCTTAA	FGC2634	1	GCAACATGGA-CTTGTCTTAA	15.495	32.844428	67.7258	98.61336002060392	2.0564658914331617	HHQ_inf_t3_2	HHQ	inf	t3	F34	FGC2634_l1_HHQ_inf_t3_2
FGC2634_s_2_1_GCAACATGGA-CTTGTCTTAA	FGC2634	2	GCAACATGGA-CTTGTCTTAA	15.6286	33.34572	67.7209	98.567137595275085	2.0827973272846627	HHQ_inf_t3_2	HHQ	inf	t3	F34	FGC2634_l2_HHQ_inf_t3_2
FGC2639_s_1_1_GCAACATGGA-CTTGTCTTAA	FGC2639	1	GCAACATGGA-CTTGTCTTAA	17.785500000000003	12.04572	68.0157	98.86784412366138	1.8136260883225712	HHQ_inf_t3_2	HHQ	inf	t3	F39	FGC2639_l1_HHQ_inf_t3_2
FGC2639_s_2_1_GCAACATGGA-CTTGTCTTAA	FGC2639	2	GCAACATGGA-CTTGTCTTAA	17.336	11.470664	67.9922	98.823525357493	1.8390622388478897	HHQ_inf_t3_2	HHQ	inf	t3	F39	FGC2639_l2_HHQ_inf_t3_2
FGC2634_s_1_1_GCCGCACTCT-TCCGACCTCG	FGC2634	1	GCCGCACTCT-TCCGACCTCG	17.5844	22.940137999999997	67.5791	98.78308922918563	20.616595683075783	DMSO_inf_t2_1	DMSO	inf	t2	F34	FGC2634_l1_DMSO_inf_t2_1
FGC2634_s_2_1_GCCGCACTCT-TCCGACCTCG	FGC2634	2	GCCGCACTCT-TCCGACCTCG	17.8096	23.45269	67.5762	98.74593156584494	20.69921110839679	DMSO_inf_t2_1	DMSO	inf	t2	F34	FGC2634_l2_DMSO_inf_t2_1
FGC2639_s_1_1_GCCGCACTCT-TCCGACCTCG	FGC2639	1	GCCGCACTCT-TCCGACCTCG	18.4953	7.707064	67.76950000000001	98.91529060858004	19.30027029177651	DMSO_inf_t2_1	DMSO	inf	t2	F39	FGC2639_l1_DMSO_inf_t2_1
FGC2639_s_2_1_GCCGCACTCT-TCCGACCTCG	FGC2639	2	GCCGCACTCT-TCCGACCTCG	18.2265	7.398314	67.7641	98.88594302016236	19.365478054079947	DMSO_inf_t2_1	DMSO	inf	t2	F39	FGC2639_l2_DMSO_inf_t2_1
FGC2634_s_1_1_GCGTGGATGG-TTGACCAATG	FGC2634	1	GCGTGGATGG-TTGACCAATG	22.1416	43.730566	67.6908	98.66805045330986	9.36615047826874	DMSO_inf_t3_1	DMSO	inf	t3	F34	FGC2634_l1_DMSO_inf_t3_1
FGC2634_s_2_1_GCGTGGATGG-TTGACCAATG	FGC2634	2	GCGTGGATGG-TTGACCAATG	22.4254	44.552876	67.69030000000001	98.62821546520756	9.426012870737903	DMSO_inf_t3_1	DMSO	inf	t3	F34	FGC2634_l2_DMSO_inf_t3_1
FGC2639_s_1_1_GCGTGGATGG-TTGACCAATG	FGC2639	1	GCGTGGATGG-TTGACCAATG	20.9909	14.924214	67.9213	98.81390583839854	8.65150879731747	DMSO_inf_t3_1	DMSO	inf	t3	F39	FGC2639_l1_DMSO_inf_t3_1
FGC2639_s_2_1_GCGTGGATGG-TTGACCAATG	FGC2639	2	GCGTGGATGG-TTGACCAATG	20.5823	14.321546	67.90610000000001	98.76828826413195	8.704933039984562	DMSO_inf_t3_1	DMSO	inf	t3	F39	FGC2639_l2_DMSO_inf_t3_1
FGC2634_s_1_1_GCGTTGGTAT-ACATACTTCC	FGC2634	1	GCGTTGGTAT-ACATACTTCC	10.0556	29.825806	67.7281	98.93779669341404	8.174160846052702	HHQ_inf_t2_2	HHQ	inf	t2	F34	FGC2634_l1_HHQ_inf_t2_2
FGC2634_s_2_1_GCGTTGGTAT-ACATACTTCC	FGC2634	2	GCGTTGGTAT-ACATACTTCC	10.0117	30.300658	67.7169	98.91281830710504	8.254640591594187	HHQ_inf_t2_2	HHQ	inf	t2	F34	FGC2634_l2_HHQ_inf_t2_2
FGC2639_s_1_1_GCGTTGGTAT-ACATACTTCC	FGC2639	1	GCGTTGGTAT-ACATACTTCC	12.3764	11.36594	67.93639999999999	98.9421680584164	6.878980536860286	HHQ_inf_t2_2	HHQ	inf	t2	F39	FGC2639_l1_HHQ_inf_t2_2
FGC2639_s_2_1_GCGTTGGTAT-ACATACTTCC	FGC2639	2	GCGTTGGTAT-ACATACTTCC	11.7237	10.568386	67.9129	98.90230684386827	6.901740104188016	HHQ_inf_t2_2	HHQ	inf	t2	F39	FGC2639_l2_HHQ_inf_t2_2
FGC2634_s_1_1_GGAGCGTGTA-ATCCGTAAGT	FGC2634	1	GGAGCGTGTA-ATCCGTAAGT	22.3373	32.235454	67.5379	98.88846452474232	13.132908703320073	HHQ_inf_t1_1	HHQ	inf	t1	F34	FGC2634_l1_HHQ_inf_t1_1
FGC2634_s_2_1_GGAGCGTGTA-ATCCGTAAGT	FGC2634	2	GGAGCGTGTA-ATCCGTAAGT	22.5939	32.878582	67.5338	98.8592390589253	13.192859361014634	HHQ_inf_t1_1	HHQ	inf	t1	F34	FGC2634_l2_HHQ_inf_t1_1
FGC2639_s_1_1_GGAGCGTGTA-ATCCGTAAGT	FGC2639	1	GGAGCGTGTA-ATCCGTAAGT	20.7039	11.22358	67.72399999999999	98.98829541315312	12.14657589460139	HHQ_inf_t1_1	HHQ	inf	t1	F39	FGC2639_l1_HHQ_inf_t1_1
FGC2639_s_2_1_GGAGCGTGTA-ATCCGTAAGT	FGC2639	2	GGAGCGTGTA-ATCCGTAAGT	20.1554	10.711176	67.70859999999999	98.95161603228183	12.19458163120135	HHQ_inf_t1_1	HHQ	inf	t1	F39	FGC2639_l2_HHQ_inf_t1_1
FGC2634_s_1_1_GGCAAGCCAG-CAAGCATCCG	FGC2634	1	GGCAAGCCAG-CAAGCATCCG	16.8935	28.410462	67.9574	98.77239143435833	7.346773345140862	HHQ_inf_t2_4	HHQ	inf	t2	F34	FGC2634_l1_HHQ_inf_t2_4
FGC2634_s_2_1_GGCAAGCCAG-CAAGCATCCG	FGC2634	2	GGCAAGCCAG-CAAGCATCCG	17.096800000000002	28.962294	67.9568	98.73312525111714	7.387939108577313	HHQ_inf_t2_4	HHQ	inf	t2	F34	FGC2634_l2_HHQ_inf_t2_4
FGC2639_s_1_1_GGCAAGCCAG-CAAGCATCCG	FGC2639	1	GGCAAGCCAG-CAAGCATCCG	17.8833	9.896442	68.13329999999999	98.94257347977566	6.580886940163612	HHQ_inf_t2_4	HHQ	inf	t2	F39	FGC2639_l1_HHQ_inf_t2_4
FGC2639_s_2_1_GGCAAGCCAG-CAAGCATCCG	FGC2639	2	GGCAAGCCAG-CAAGCATCCG	17.4875	9.46739	68.1237	98.90111152873908	6.682669315342506	HHQ_inf_t2_4	HHQ	inf	t2	F39	FGC2639_l2_HHQ_inf_t2_4
FGC2634_s_1_1_GGTAACTCGC-AAGTTGGTGA	FGC2634	1	GGTAACTCGC-AAGTTGGTGA	20.582	30.071934	66.67830000000001	98.71058198668416	12.445031556468932	DMSO_inf_t3_4	DMSO	inf	t3	F34	FGC2634_l1_DMSO_inf_t3_4
FGC2634_s_2_1_GGTAACTCGC-AAGTTGGTGA	FGC2634	2	GGTAACTCGC-AAGTTGGTGA	20.8437	30.762046	66.6709	98.676558216067	12.516731557051015	DMSO_inf_t3_4	DMSO	inf	t3	F34	FGC2634_l2_DMSO_inf_t3_4
FGC2639_s_1_1_GGTAACTCGC-AAGTTGGTGA	FGC2639	1	GGTAACTCGC-AAGTTGGTGA	21.3666	10.117878	66.95689999999999	98.90789430980462	11.590369746762237	DMSO_inf_t3_4	DMSO	inf	t3	F39	FGC2639_l1_DMSO_inf_t3_4
FGC2639_s_2_1_GGTAACTCGC-AAGTTGGTGA	FGC2639	2	GGTAACTCGC-AAGTTGGTGA	21.0266	9.728884	66.9384	98.85409575213936	11.676200966097184	DMSO_inf_t3_4	DMSO	inf	t3	F39	FGC2639_l2_DMSO_inf_t3_4
FGC2634_s_1_1_GGTTGCGAGG-AATAGAGCAA	FGC2634	1	GGTTGCGAGG-AATAGAGCAA	14.7038	31.735494	67.7747	98.420843768127	8.20555621440654	DMSO_inf_t3_5	DMSO	inf	t3	F34	FGC2634_l1_DMSO_inf_t3_5
FGC2634_s_2_1_GGTTGCGAGG-AATAGAGCAA	FGC2634	2	GGTTGCGAGG-AATAGAGCAA	14.8418	32.301882	67.76950000000001	98.37164518178476	8.249172614759065	DMSO_inf_t3_5	DMSO	inf	t3	F34	FGC2634_l2_DMSO_inf_t3_5
FGC2639_s_1_1_GGTTGCGAGG-AATAGAGCAA	FGC2639	1	GGTTGCGAGG-AATAGAGCAA	17.535800000000002	10.845274	68.0095	98.64666920136874	7.504743470565015	DMSO_inf_t3_5	DMSO	inf	t3	F39	FGC2639_l1_DMSO_inf_t3_5
FGC2639_s_2_1_GGTTGCGAGG-AATAGAGCAA	FGC2639	2	GGTTGCGAGG-AATAGAGCAA	17.151	10.404036	67.99119999999999	98.5907933347396	7.569707448658387	DMSO_inf_t3_5	DMSO	inf	t3	F39	FGC2639_l2_DMSO_inf_t3_5
FGC2634_s_1_1_GTATTCCACC-ATGTAGACAA	FGC2634	1	GTATTCCACC-ATGTAGACAA	15.1215	28.955219999999997	66.8156	98.77395015567652	4.786292388047034	HHQ_cntl_t4_4	HHQ	cntl	t4	F34	FGC2634_l1_HHQ_cntl_t4_4
FGC2634_s_2_1_GTATTCCACC-ATGTAGACAA	FGC2634	2	GTATTCCACC-ATGTAGACAA	15.207999999999998	29.390182	66.8095	98.73127569088452	4.8375472413967096	HHQ_cntl_t4_4	HHQ	cntl	t4	F34	FGC2634_l2_HHQ_cntl_t4_4
FGC2639_s_1_1_GTATTCCACC-ATGTAGACAA	FGC2639	1	GTATTCCACC-ATGTAGACAA	18.5854	10.243398	67.1326	98.9952799554669	4.262768474277497	HHQ_cntl_t4_4	HHQ	cntl	t4	F39	FGC2639_l1_HHQ_cntl_t4_4
FGC2639_s_2_1_GTATTCCACC-ATGTAGACAA	FGC2639	2	GTATTCCACC-ATGTAGACAA	18.3244	9.78028	67.1171	98.94960614530282	4.298782023900603	HHQ_cntl_t4_4	HHQ	cntl	t4	F39	FGC2639_l2_HHQ_cntl_t4_4
FGC2634_s_1_1_GTCCGTAAGC-CGTGTATCTT	FGC2634	1	GTCCGTAAGC-CGTGTATCTT	7.49674	29.119448	67.59389999999999	98.63163623637844	7.984666825365448	DMSO_cntl_t1_1	DMSO	cntl	t1	F34	FGC2634_l1_DMSO_cntl_t1_1
FGC2634_s_2_1_GTCCGTAAGC-CGTGTATCTT	FGC2634	2	GTCCGTAAGC-CGTGTATCTT	7.523879999999999	29.526235999999997	67.5927	98.5890584716661	8.053752811966131	DMSO_cntl_t1_1	DMSO	cntl	t1	F34	FGC2634_l2_DMSO_cntl_t1_1
FGC2639_s_1_1_GTCCGTAAGC-CGTGTATCTT	FGC2639	1	GTCCGTAAGC-CGTGTATCTT	13.5675	10.802898	67.864	98.86373807112582	6.955449490613118	DMSO_cntl_t1_1	DMSO	cntl	t1	F39	FGC2639_l1_DMSO_cntl_t1_1
FGC2639_s_2_1_GTCCGTAAGC-CGTGTATCTT	FGC2639	2	GTCCGTAAGC-CGTGTATCTT	13.3798	10.27416	67.8437	98.8089827257198	7.034255234803763	DMSO_cntl_t1_1	DMSO	cntl	t1	F39	FGC2639_l2_DMSO_cntl_t1_1
FGC2634_s_1_1_GTCCTGGATA-CGGTGGCGAA	FGC2634	1	GTCCTGGATA-CGGTGGCGAA	22.18	39.250524	66.08709999999999	98.8587594920143	19.134090432720548	DMSO_cntl_t2_3	DMSO	cntl	t2	F34	FGC2634_l1_DMSO_cntl_t2_3
FGC2634_s_2_1_GTCCTGGATA-CGGTGGCGAA	FGC2634	2	GTCCTGGATA-CGGTGGCGAA	22.3674	39.989965999999995	66.08070000000001	98.81743671848535	19.235553194763774	DMSO_cntl_t2_3	DMSO	cntl	t2	F34	FGC2634_l2_DMSO_cntl_t2_3
FGC2639_s_1_1_GTCCTGGATA-CGGTGGCGAA	FGC2639	1	GTCCTGGATA-CGGTGGCGAA	24.4528	13.645276	66.3698	99.01769467377576	17.80842753067273	DMSO_cntl_t2_3	DMSO	cntl	t2	F39	FGC2639_l1_DMSO_cntl_t2_3
FGC2639_s_2_1_GTCCTGGATA-CGGTGGCGAA	FGC2639	2	GTCCTGGATA-CGGTGGCGAA	24.0547	13.080414	66.3504	98.97302843341552	17.937612646355138	DMSO_cntl_t2_3	DMSO	cntl	t2	F39	FGC2639_l2_DMSO_cntl_t2_3
FGC2634_s_1_1_GTCTAATGGC-AGTGGTCAGG	FGC2634	1	GTCTAATGGC-AGTGGTCAGG	14.5452	28.54824	68.0193	98.68548362843435	8.449920165262572	HHQ_cntl_t1_4	HHQ	cntl	t1	F34	FGC2634_l1_HHQ_cntl_t1_4
FGC2634_s_2_1_GTCTAATGGC-AGTGGTCAGG	FGC2634	2	GTCTAATGGC-AGTGGTCAGG	14.724	29.139937999999997	68.0183	98.64519306774	8.520227554700975	HHQ_cntl_t1_4	HHQ	cntl	t1	F34	FGC2634_l2_HHQ_cntl_t1_4
FGC2639_s_1_1_GTCTAATGGC-AGTGGTCAGG	FGC2639	1	GTCTAATGGC-AGTGGTCAGG	16.9395	9.743872	68.2265	98.85585827065312	7.696269095998781	HHQ_cntl_t1_4	HHQ	cntl	t1	F39	FGC2639_l1_HHQ_cntl_t1_4
FGC2639_s_2_1_GTCTAATGGC-AGTGGTCAGG	FGC2639	2	GTCTAATGGC-AGTGGTCAGG	16.6677	9.335986	68.2093	98.81809737195968	7.751368382903342	HHQ_cntl_t1_4	HHQ	cntl	t1	F39	FGC2639_l2_HHQ_cntl_t1_4
FGC2634_s_1_1_GTGACACGCA-GCTTACGGAC	FGC2634	1	GTGACACGCA-GCTTACGGAC	16.095100000000002	22.125442	67.6084	98.8641374277446	13.013164999407495	DMSO_cntl_t3_2	DMSO	cntl	t3	F34	FGC2634_l1_DMSO_cntl_t3_2
FGC2634_s_2_1_GTGACACGCA-GCTTACGGAC	FGC2634	2	GTGACACGCA-GCTTACGGAC	16.2664	22.65402	67.60310000000001	98.84582525762984	13.09185489128016	DMSO_cntl_t3_2	DMSO	cntl	t3	F34	FGC2634_l2_DMSO_cntl_t3_2
FGC2639_s_1_1_GTGACACGCA-GCTTACGGAC	FGC2639	1	GTGACACGCA-GCTTACGGAC	17.085900000000002	8.031054	67.8047	98.9658623675196	12.217365083363177	DMSO_cntl_t3_2	DMSO	cntl	t3	F39	FGC2639_l1_DMSO_cntl_t3_2
FGC2639_s_2_1_GTGACACGCA-GCTTACGGAC	FGC2639	2	GTGACACGCA-GCTTACGGAC	16.4645	7.570659999999999	67.7924	98.93693235473155	12.250931324413497	DMSO_cntl_t3_2	DMSO	cntl	t3	F39	FGC2639_l2_DMSO_cntl_t3_2
FGC2634_s_1_1_GTGCAGACAG-TACCATCCGT	FGC2634	1	GTGCAGACAG-TACCATCCGT	16.485500000000002	32.349772	68.1344	98.85358370143184	8.533315389829944	DMSO_inf_t1_4	DMSO	inf	t1	F34	FGC2634_l1_DMSO_inf_t1_4
FGC2634_s_2_1_GTGCAGACAG-TACCATCCGT	FGC2634	2	GTGCAGACAG-TACCATCCGT	16.6476	33.041954	68.132	98.82048102032212	8.597316058078363	DMSO_inf_t1_4	DMSO	inf	t1	F34	FGC2634_l2_DMSO_inf_t1_4
FGC2639_s_1_1_GTGCAGACAG-TACCATCCGT	FGC2639	1	GTGCAGACAG-TACCATCCGT	18.7976	11.113744	68.3151	98.9385890038718	7.799200425319319	DMSO_inf_t1_4	DMSO	inf	t1	F39	FGC2639_l1_DMSO_inf_t1_4
FGC2639_s_2_1_GTGCAGACAG-TACCATCCGT	FGC2639	2	GTGCAGACAG-TACCATCCGT	18.4894	10.634464	68.30420000000001	98.90336816655814	7.866390113889225	DMSO_inf_t1_4	DMSO	inf	t1	F39	FGC2639_l2_DMSO_inf_t1_4
FGC2634_s_1_1_TAAGCATCCA-TCAATCCATT	FGC2634	1	TAAGCATCCA-TCAATCCATT	15.829199999999998	25.829716	65.8596	98.63311255769509	12.507198043415238	DMSO_inf_t4_1	DMSO	inf	t4	F34	FGC2634_l1_DMSO_inf_t4_1
FGC2634_s_2_1_TAAGCATCCA-TCAATCCATT	FGC2634	2	TAAGCATCCA-TCAATCCATT	15.9975	26.315342	65.8581	98.5923894783	12.556224843625474	DMSO_inf_t4_1	DMSO	inf	t4	F34	FGC2634_l2_DMSO_inf_t4_1
FGC2639_s_1_1_TAAGCATCCA-TCAATCCATT	FGC2639	1	TAAGCATCCA-TCAATCCATT	17.5006	8.650428	66.26769999999999	98.78988944073986	11.659211158936502	DMSO_inf_t4_1	DMSO	inf	t4	F39	FGC2639_l1_DMSO_inf_t4_1
FGC2639_s_2_1_TAAGCATCCA-TCAATCCATT	FGC2639	2	TAAGCATCCA-TCAATCCATT	17.3253	8.31002	66.2502	98.74993107722962	11.712497932316888	DMSO_inf_t4_1	DMSO	inf	t4	F39	FGC2639_l2_DMSO_inf_t4_1
FGC2634_s_1_1_TAGCATAACC-GCTATGCGCA	FGC2634	1	TAGCATAACC-GCTATGCGCA	15.3555	31.170076	67.9767	98.63205239605372	7.932598747309538	DMSO_cntl_t1_3	DMSO	cntl	t1	F34	FGC2634_l1_DMSO_cntl_t1_3
FGC2634_s_2_1_TAGCATAACC-GCTATGCGCA	FGC2634	2	TAGCATAACC-GCTATGCGCA	15.5418	31.786042	67.9702	98.59355025457302	7.972673499573846	DMSO_cntl_t1_3	DMSO	cntl	t1	F34	FGC2634_l2_DMSO_cntl_t1_3
FGC2639_s_1_1_TAGCATAACC-GCTATGCGCA	FGC2639	1	TAGCATAACC-GCTATGCGCA	16.3371	10.708328	68.2026	98.8622511024262	7.34486727863123	DMSO_cntl_t1_3	DMSO	cntl	t1	F39	FGC2639_l1_DMSO_cntl_t1_3
FGC2639_s_2_1_TAGCATAACC-GCTATGCGCA	FGC2639	2	TAGCATAACC-GCTATGCGCA	16.0187	10.25886	68.1912	98.81645952717716	7.357808889692009	DMSO_cntl_t1_3	DMSO	cntl	t1	F39	FGC2639_l2_DMSO_cntl_t1_3
FGC2634_s_1_1_TAGTTCGGTA-CCATGTGTAG	FGC2634	1	TAGTTCGGTA-CCATGTGTAG	17.0465	31.159101999999997	68.1382	98.64822081729938	6.39568523801437	HHQ_cntl_t4_1	HHQ	cntl	t4	F34	FGC2634_l1_HHQ_cntl_t4_1
FGC2634_s_2_1_TAGTTCGGTA-CCATGTGTAG	FGC2634	2	TAGTTCGGTA-CCATGTGTAG	17.2744	31.743698	68.1352	98.60188012563658	6.439648670306332	HHQ_cntl_t4_1	HHQ	cntl	t4	F34	FGC2634_l2_HHQ_cntl_t4_1
FGC2639_s_1_1_TAGTTCGGTA-CCATGTGTAG	FGC2639	1	TAGTTCGGTA-CCATGTGTAG	16.9496	10.391138	68.3835	98.77515115981078	5.847951215172027	HHQ_cntl_t4_1	HHQ	cntl	t4	F39	FGC2639_l1_HHQ_cntl_t4_1
FGC2639_s_2_1_TAGTTCGGTA-CCATGTGTAG	FGC2639	2	TAGTTCGGTA-CCATGTGTAG	16.7289	10.043544	68.3643	98.727998502695	5.898685768839384	HHQ_cntl_t4_1	HHQ	cntl	t4	F39	FGC2639_l2_HHQ_cntl_t4_1
FGC2634_s_1_1_TATGCCTTAC-AGACACATTA	FGC2634	1	TATGCCTTAC-AGACACATTA	22.1362	39.488088	67.8132	98.65114939774917	11.27079875025501	DMSO_cntl_t3_5	DMSO	cntl	t3	F34	FGC2634_l1_DMSO_cntl_t3_5
FGC2634_s_2_1_TATGCCTTAC-AGACACATTA	FGC2634	2	TATGCCTTAC-AGACACATTA	22.4013	40.17896	67.80810000000001	98.6180596480437	11.322554445671408	DMSO_cntl_t3_5	DMSO	cntl	t3	F34	FGC2634_l2_DMSO_cntl_t3_5
FGC2639_s_1_1_TATGCCTTAC-AGACACATTA	FGC2639	1	TATGCCTTAC-AGACACATTA	19.9135	13.088972	68.0451	98.75289963246551	10.398704839634274	DMSO_cntl_t3_5	DMSO	cntl	t3	F39	FGC2639_l1_DMSO_cntl_t3_5
FGC2639_s_2_1_TATGCCTTAC-AGACACATTA	FGC2639	2	TATGCCTTAC-AGACACATTA	19.5547	12.554066	68.0315	98.70805873075032	10.463612504108228	DMSO_cntl_t3_5	DMSO	cntl	t3	F39	FGC2639_l2_DMSO_cntl_t3_5
FGC2634_s_1_1_TATGTAGTCA-CGCACTAATG	FGC2634	1	TATGTAGTCA-CGCACTAATG	16.1832	39.474343999999995	67.1541	98.78674101992956	9.56964752405156	HHQ_inf_t4_2	HHQ	inf	t4	F34	FGC2634_l1_HHQ_inf_t4_2
FGC2634_s_2_1_TATGTAGTCA-CGCACTAATG	FGC2634	2	TATGTAGTCA-CGCACTAATG	16.371199999999998	40.20878	67.1484	98.74238996249836	9.633473138725602	HHQ_inf_t4_2	HHQ	inf	t4	F34	FGC2634_l2_HHQ_inf_t4_2
FGC2639_s_1_1_TATGTAGTCA-CGCACTAATG	FGC2639	1	TATGTAGTCA-CGCACTAATG	17.2913	13.799502	67.4702	98.90142354386047	8.895572381827167	HHQ_inf_t4_2	HHQ	inf	t4	F39	FGC2639_l1_HHQ_inf_t4_2
FGC2639_s_2_1_TATGTAGTCA-CGCACTAATG	FGC2639	2	TATGTAGTCA-CGCACTAATG	16.9592	13.20314	67.45870000000001	98.86716192326978	8.950921432478106	HHQ_inf_t4_2	HHQ	inf	t4	F39	FGC2639_l2_HHQ_inf_t4_2
FGC2634_s_1_1_TATTGCGCTC-CTGTGTTAGG	FGC2634	1	TATTGCGCTC-CTGTGTTAGG	12.0918	29.010002	68.0112	98.6493641384116	13.057339114323964	HHQ_cntl_t3_2	HHQ	cntl	t3	F34	FGC2634_l1_HHQ_cntl_t3_2
FGC2634_s_2_1_TATTGCGCTC-CTGTGTTAGG	FGC2634	2	TATTGCGCTC-CTGTGTTAGG	12.2437	29.575934	68.00500000000001	98.61306562017974	13.103903847111798	HHQ_cntl_t3_2	HHQ	cntl	t3	F34	FGC2634_l2_HHQ_cntl_t3_2
FGC2639_s_1_1_TATTGCGCTC-CTGTGTTAGG	FGC2639	1	TATTGCGCTC-CTGTGTTAGG	16.4613	9.74076	68.24369999999999	98.78281483500704	12.162582610064272	HHQ_cntl_t3_2	HHQ	cntl	t3	F39	FGC2639_l1_HHQ_cntl_t3_2
FGC2639_s_2_1_TATTGCGCTC-CTGTGTTAGG	FGC2639	2	TATTGCGCTC-CTGTGTTAGG	16.331300000000002	9.364662	68.2264	98.74695971758932	12.238653812613787	HHQ_cntl_t3_2	HHQ	cntl	t3	F39	FGC2639_l2_HHQ_cntl_t3_2
FGC2634_s_1_1_TCAGAAGGCG-GGCCATCATA	FGC2634	1	TCAGAAGGCG-GGCCATCATA	10.0456	27.18155	67.9134	98.6551578933309	7.646746986307605	HHQ_cntl_t2_2	HHQ	cntl	t2	F34	FGC2634_l1_HHQ_cntl_t2_2
FGC2634_s_2_1_TCAGAAGGCG-GGCCATCATA	FGC2634	2	TCAGAAGGCG-GGCCATCATA	10.1143	27.63791	67.9068	98.61244931457738	7.699816989426833	HHQ_cntl_t2_2	HHQ	cntl	t2	F34	FGC2634_l2_HHQ_cntl_t2_2
FGC2639_s_1_1_TCAGAAGGCG-GGCCATCATA	FGC2639	1	TCAGAAGGCG-GGCCATCATA	14.8951	9.990512	68.1571	98.88412166696426	6.79573270071854	HHQ_cntl_t2_2	HHQ	cntl	t2	F39	FGC2639_l1_HHQ_cntl_t2_2
FGC2639_s_2_1_TCAGAAGGCG-GGCCATCATA	FGC2639	2	TCAGAAGGCG-GGCCATCATA	14.625	9.502008	68.1389	98.8471243437938	6.870171038045812	HHQ_cntl_t2_2	HHQ	cntl	t2	F39	FGC2639_l2_HHQ_cntl_t2_2
FGC2634_s_1_1_TCATAGATTG-GATTAAGGTG	FGC2634	1	TCATAGATTG-GATTAAGGTG	16.529	39.351758	68.1624	98.77058082388204	4.9184547861031005	DMSO_inf_t3_3	DMSO	inf	t3	F34	FGC2634_l1_DMSO_inf_t3_3
FGC2634_s_2_1_TCATAGATTG-GATTAAGGTG	FGC2634	2	TCATAGATTG-GATTAAGGTG	16.624200000000002	39.902256	68.15830000000001	98.7374006817296	4.960979403800368	DMSO_inf_t3_3	DMSO	inf	t3	F34	FGC2634_l2_DMSO_inf_t3_3
FGC2639_s_1_1_TCATAGATTG-GATTAAGGTG	FGC2639	1	TCATAGATTG-GATTAAGGTG	19.2334	14.189966	68.39030000000001	98.9618258898147	4.344692606676082	DMSO_inf_t3_3	DMSO	inf	t3	F39	FGC2639_l1_DMSO_inf_t3_3
FGC2639_s_2_1_TCATAGATTG-GATTAAGGTG	FGC2639	2	TCATAGATTG-GATTAAGGTG	18.8429	13.514966	68.3771	98.92475872984828	4.380617461863183	DMSO_inf_t3_3	DMSO	inf	t3	F39	FGC2639_l2_DMSO_inf_t3_3
FGC2634_s_1_1_TCCATTGCCG-GAATGCACGA	FGC2634	1	TCCATTGCCG-GAATGCACGA	16.5772	23.646778	67.9846	98.77919019936816	11.052036030869758	HHQ_inf_t2_5	HHQ	inf	t2	F34	FGC2634_l1_HHQ_inf_t2_5
FGC2634_s_2_1_TCCATTGCCG-GAATGCACGA	FGC2634	2	TCCATTGCCG-GAATGCACGA	16.7633	24.091576	67.9803	98.74263638790028	11.133071610738298	HHQ_inf_t2_5	HHQ	inf	t2	F34	FGC2634_l2_HHQ_inf_t2_5
FGC2639_s_1_1_TCCATTGCCG-GAATGCACGA	FGC2639	1	TCCATTGCCG-GAATGCACGA	17.5956	8.219954	68.1934	98.89465951412852	10.168112237163712	HHQ_inf_t2_5	HHQ	inf	t2	F39	FGC2639_l1_HHQ_inf_t2_5
FGC2639_s_2_1_TCCATTGCCG-GAATGCACGA	FGC2639	2	TCCATTGCCG-GAATGCACGA	17.284299999999998	7.856401999999999	68.1863	98.85875322035793	10.285666541421786	HHQ_inf_t2_5	HHQ	inf	t2	F39	FGC2639_l2_HHQ_inf_t2_5
FGC2634_s_1_1_TCTCATGATA-AACACGTGGA	FGC2634	1	TCTCATGATA-AACACGTGGA	32.535	38.763346	68.06259999999999	98.80440674477114	9.297752475338882	HHQ_cntl_t2_1	HHQ	cntl	t2	F34	FGC2634_l1_HHQ_cntl_t2_1
FGC2634_s_2_1_TCTCATGATA-AACACGTGGA	FGC2634	2	TCTCATGATA-AACACGTGGA	32.879999999999995	39.421624	68.0568	98.76104834317005	9.347886768483724	HHQ_cntl_t2_1	HHQ	cntl	t2	F34	FGC2634_l2_HHQ_cntl_t2_1
FGC2639_s_1_1_TCTCATGATA-AACACGTGGA	FGC2639	1	TCTCATGATA-AACACGTGGA	26.7373	13.463446	68.27640000000001	98.9304868632484	8.511840256254025	HHQ_cntl_t2_1	HHQ	cntl	t2	F39	FGC2639_l1_HHQ_cntl_t2_1
FGC2639_s_2_1_TCTCATGATA-AACACGTGGA	FGC2639	2	TCTCATGATA-AACACGTGGA	26.0844	12.90671	68.2664	98.89965815366196	8.61237911013288	HHQ_cntl_t2_1	HHQ	cntl	t2	F39	FGC2639_l2_HHQ_cntl_t2_1
FGC2634_s_1_1_TCTGGTATCC-CGTTGCTTAC	FGC2634	1	TCTGGTATCC-CGTTGCTTAC	56.3906	28.817026	68.0293	98.91835585531469	7.410195724775654	DMSO_inf_t2_2	DMSO	inf	t2	F34	FGC2634_l1_DMSO_inf_t2_2
FGC2634_s_2_1_TCTGGTATCC-CGTTGCTTAC	FGC2634	2	TCTGGTATCC-CGTTGCTTAC	56.68879999999999	29.321474	68.02420000000001	98.88736398359254	7.4628349582039775	DMSO_inf_t2_2	DMSO	inf	t2	F34	FGC2634_l2_DMSO_inf_t2_2
FGC2639_s_1_1_TCTGGTATCC-CGTTGCTTAC	FGC2639	1	TCTGGTATCC-CGTTGCTTAC	40.8809	10.639248	68.2218	99.01150866793492	6.615571628070853	DMSO_inf_t2_2	DMSO	inf	t2	F39	FGC2639_l1_DMSO_inf_t2_2
FGC2639_s_2_1_TCTGGTATCC-CGTTGCTTAC	FGC2639	2	TCTGGTATCC-CGTTGCTTAC	38.6858	10.008244	68.21589999999999	98.98881160934	6.668466779025328	DMSO_inf_t2_2	DMSO	inf	t2	F39	FGC2639_l2_DMSO_inf_t2_2
FGC2634_s_1_1_TGATGTAAGA-GTGCGTCCTT	FGC2634	1	TGATGTAAGA-GTGCGTCCTT	21.4303	36.28424	68.1461	98.78347716519758	8.413669926739429	HHQ_cntl_t2_3	HHQ	cntl	t2	F34	FGC2634_l1_HHQ_cntl_t2_3
FGC2634_s_2_1_TGATGTAAGA-GTGCGTCCTT	FGC2634	2	TGATGTAAGA-GTGCGTCCTT	21.6701	36.913993999999995	68.1421	98.73834025300708	8.43900259762603	HHQ_cntl_t2_3	HHQ	cntl	t2	F34	FGC2634_l2_HHQ_cntl_t2_3
FGC2639_s_1_1_TGATGTAAGA-GTGCGTCCTT	FGC2639	1	TGATGTAAGA-GTGCGTCCTT	20.6453	12.51407	68.3627	98.96896959754162	7.763144554151003	HHQ_cntl_t2_3	HHQ	cntl	t2	F39	FGC2639_l1_HHQ_cntl_t2_3
FGC2639_s_2_1_TGATGTAAGA-GTGCGTCCTT	FGC2639	2	TGATGTAAGA-GTGCGTCCTT	20.2405	11.980502	68.3511	98.93558687815644	7.810034455888634	HHQ_cntl_t2_3	HHQ	cntl	t2	F39	FGC2639_l2_HHQ_cntl_t2_3
FGC2634_s_1_1_TGATTATACG-GTCGATTACA	FGC2634	1	TGATTATACG-GTCGATTACA	15.4806	32.084102	68.0107	98.62630022212672	9.981433083171796	DMSO_cntl_t2_4	DMSO	cntl	t2	F34	FGC2634_l1_DMSO_cntl_t2_4
FGC2634_s_2_1_TGATTATACG-GTCGATTACA	FGC2634	2	TGATTATACG-GTCGATTACA	15.6281	32.649048	68.00540000000001	98.5899147518125	10.038376601627032	DMSO_cntl_t2_4	DMSO	cntl	t2	F34	FGC2634_l2_DMSO_cntl_t2_4
FGC2639_s_1_1_TGATTATACG-GTCGATTACA	FGC2639	1	TGATTATACG-GTCGATTACA	17.4454	10.888776	68.2708	98.8262406719415	9.267258553242655	DMSO_cntl_t2_4	DMSO	cntl	t2	F39	FGC2639_l1_DMSO_cntl_t2_4
FGC2639_s_2_1_TGATTATACG-GTCGATTACA	FGC2639	2	TGATTATACG-GTCGATTACA	17.1322	10.449958	68.2558	98.77335290282343	9.298343417707857	DMSO_cntl_t2_4	DMSO	cntl	t2	F39	FGC2639_l2_DMSO_cntl_t2_4
FGC2634_s_1_1_TGGTACCTAA-CATGAGTACT	FGC2634	1	TGGTACCTAA-CATGAGTACT	28.5665	35.466692	67.93050000000001	98.6040676595422	13.298189163539323	HHQ_inf_t3_5	HHQ	inf	t3	F34	FGC2634_l1_HHQ_inf_t3_5
FGC2634_s_2_1_TGGTACCTAA-CATGAGTACT	FGC2634	2	TGGTACCTAA-CATGAGTACT	28.8987	36.086326	67.9284	98.5683221220596	13.35491732283142	HHQ_inf_t3_5	HHQ	inf	t3	F34	FGC2634_l2_HHQ_inf_t3_5
FGC2639_s_1_1_TGGTACCTAA-CATGAGTACT	FGC2639	1	TGGTACCTAA-CATGAGTACT	22.4548	11.89087	68.15820000000001	98.67660209534267	12.403977844947828	HHQ_inf_t3_5	HHQ	inf	t3	F39	FGC2639_l1_HHQ_inf_t3_5
FGC2639_s_2_1_TGGTACCTAA-CATGAGTACT	FGC2639	2	TGGTACCTAA-CATGAGTACT	21.9349	11.4304	68.1465	98.640517172342	12.450897208959386	HHQ_inf_t3_5	HHQ	inf	t3	F39	FGC2639_l2_HHQ_inf_t3_5
FGC2634_s_1_1_TGTAATCGAC-GATCACCGCG	FGC2634	1	TGTAATCGAC-GATCACCGCG	29.650900000000004	34.142466	66.99690000000001	98.65135367677436	15.250519066854492	HHQ_cntl_t3_1	HHQ	cntl	t3	F34	FGC2634_l1_HHQ_cntl_t3_1
FGC2634_s_2_1_TGTAATCGAC-GATCACCGCG	FGC2634	2	TGTAATCGAC-GATCACCGCG	30.0633	34.830268	66.996	98.61485558088688	15.316227350255923	HHQ_cntl_t3_1	HHQ	cntl	t3	F34	FGC2634_l2_HHQ_cntl_t3_1
FGC2639_s_1_1_TGTAATCGAC-GATCACCGCG	FGC2639	1	TGTAATCGAC-GATCACCGCG	23.6501	11.654562	67.2602	98.81502302548633	14.34157893942526	HHQ_cntl_t3_1	HHQ	cntl	t3	F39	FGC2639_l1_HHQ_cntl_t3_1
FGC2639_s_2_1_TGTAATCGAC-GATCACCGCG	FGC2639	2	TGTAATCGAC-GATCACCGCG	22.9796	11.147822	67.2545	98.79053219242094	14.388856306752512	HHQ_cntl_t3_1	HHQ	cntl	t3	F39	FGC2639_l2_HHQ_cntl_t3_1
FGC2634_s_1_1_TGTCGCTGGT-TCGTCTGACT	FGC2634	1	TGTCGCTGGT-TCGTCTGACT	18.5734	34.489647999999995	68.16640000000001	98.6630265388228	9.295965610792727	DMSO_inf_t1_3	DMSO	inf	t1	F34	FGC2634_l1_DMSO_inf_t1_3
FGC2634_s_2_1_TGTCGCTGGT-TCGTCTGACT	FGC2634	2	TGTCGCTGGT-TCGTCTGACT	18.7718	35.065666	68.1627	98.62896390054406	9.360547678639216	DMSO_inf_t1_3	DMSO	inf	t1	F34	FGC2634_l2_DMSO_inf_t1_3
FGC2639_s_1_1_TGTCGCTGGT-TCGTCTGACT	FGC2639	1	TGTCGCTGGT-TCGTCTGACT	20.1694	11.741386	68.3591	98.80603551144348	8.45535083446742	DMSO_inf_t1_3	DMSO	inf	t1	F39	FGC2639_l1_DMSO_inf_t1_3
FGC2639_s_2_1_TGTCGCTGGT-TCGTCTGACT	FGC2639	2	TGTCGCTGGT-TCGTCTGACT	19.8855	11.286204	68.345	98.75108299613386	8.528908450143504	DMSO_inf_t1_3	DMSO	inf	t1	F39	FGC2639_l2_DMSO_inf_t1_3
FGC2634_s_1_1_TTCACGAGAC-AGATTGTTAC	FGC2634	1	TTCACGAGAC-AGATTGTTAC	16.5721	33.593655999999996	68.2055	98.60535136023005	7.688190683345546	HHQ_cntl_t3_4	HHQ	cntl	t3	F34	FGC2634_l1_HHQ_cntl_t3_4
FGC2634_s_2_1_TTCACGAGAC-AGATTGTTAC	FGC2634	2	TTCACGAGAC-AGATTGTTAC	16.794999999999998	34.242798	68.2033	98.57672482793951	7.734784872150333	HHQ_cntl_t3_4	HHQ	cntl	t3	F34	FGC2634_l2_HHQ_cntl_t3_4
FGC2639_s_1_1_TTCACGAGAC-AGATTGTTAC	FGC2639	1	TTCACGAGAC-AGATTGTTAC	17.1318	11.989022	68.4433	98.72384695715527	6.964642121976635	HHQ_cntl_t3_4	HHQ	cntl	t3	F39	FGC2639_l1_HHQ_cntl_t3_4
FGC2639_s_2_1_TTCACGAGAC-AGATTGTTAC	FGC2639	2	TTCACGAGAC-AGATTGTTAC	16.714000000000002	11.351072	68.4292	98.6954476567914	7.040972566995707	HHQ_cntl_t3_4	HHQ	cntl	t3	F39	FGC2639_l2_HHQ_cntl_t3_4
FGC2634_s_1_1_TTCTACATAC-CTAACTGTAA	FGC2634	1	TTCTACATAC-CTAACTGTAA	18.4169	32.681475999999996	67.8844	98.82059260407836	13.045791297673489	DMSO_cntl_t4_4	DMSO	cntl	t4	F34	FGC2634_l1_DMSO_cntl_t4_4
FGC2634_s_2_1_TTCTACATAC-CTAACTGTAA	FGC2634	2	TTCTACATAC-CTAACTGTAA	18.583	33.224751999999995	67.8772	98.7823384125921	13.10581006819704	DMSO_cntl_t4_4	DMSO	cntl	t4	F34	FGC2634_l2_DMSO_cntl_t4_4
FGC2639_s_1_1_TTCTACATAC-CTAACTGTAA	FGC2639	1	TTCTACATAC-CTAACTGTAA	20.6424	11.086384	68.1144	98.98818754495656	12.033121589642011	DMSO_cntl_t4_4	DMSO	cntl	t4	F39	FGC2639_l1_DMSO_cntl_t4_4
FGC2639_s_2_1_TTCTACATAC-CTAACTGTAA	FGC2639	2	TTCTACATAC-CTAACTGTAA	20.3444	10.617228	68.1011	98.94986964471076	12.092743403343889	DMSO_cntl_t4_4	DMSO	cntl	t4	F39	FGC2639_l2_DMSO_cntl_t4_4
FGC2634_s_1_1_TTGGAATTCC-ACGTCAATAC	FGC2634	1	TTGGAATTCC-ACGTCAATAC	23.5722	29.658056	66.90859999999999	98.93765485041452	8.405021131546	DMSO_cntl_t4_2	DMSO	cntl	t4	F34	FGC2634_l1_DMSO_cntl_t4_2
FGC2634_s_2_1_TTGGAATTCC-ACGTCAATAC	FGC2634	2	TTGGAATTCC-ACGTCAATAC	23.8396	30.25823	66.9018	98.91142039355056	8.449922265328244	DMSO_cntl_t4_2	DMSO	cntl	t4	F34	FGC2634_l2_DMSO_cntl_t4_2
FGC2639_s_1_1_TTGGAATTCC-ACGTCAATAC	FGC2639	1	TTGGAATTCC-ACGTCAATAC	20.2048	10.855142	67.1623	98.95296281623284	7.761639423584427	DMSO_cntl_t4_2	DMSO	cntl	t4	F39	FGC2639_l1_DMSO_cntl_t4_2
FGC2639_s_2_1_TTGGAATTCC-ACGTCAATAC	FGC2639	2	TTGGAATTCC-ACGTCAATAC	19.4151	10.204088	67.1542	98.93532008945598	7.771067737920231	DMSO_cntl_t4_2	DMSO	cntl	t4	F39	FGC2639_l2_DMSO_cntl_t4_2
