Sample	Passed Filter	Low Quality	Too Many N	Low Complexity	Too Short	Too Long
FGC2639_s_2_1_TTGGAATTCC-ACGTCAATAC_FGC2639_s_2_2_TTGGAATTCC-ACGTCAATAC	10204088	106782	0		3028	0
FGC2639_s_2_1_TTCTACATAC-CTAACTGTAA_FGC2639_s_2_2_TTCTACATAC-CTAACTGTAA	10617228	109842	2		2834	0
FGC2639_s_2_1_TTCACGAGAC-AGATTGTTAC_FGC2639_s_2_2_TTCACGAGAC-AGATTGTTAC	11351072	145386	0		4652	0
FGC2639_s_2_1_TGTCGCTGGT-TCGTCTGACT_FGC2639_s_2_2_TGTCGCTGGT-TCGTCTGACT	11286204	137252	0		5486	0
FGC2639_s_2_1_TGTAATCGAC-GATCACCGCG_FGC2639_s_2_2_TGTAATCGAC-GATCACCGCG	11147822	131260	0		5220	0
FGC2639_s_2_1_TGGTACCTAA-CATGAGTACT_FGC2639_s_2_2_TGGTACCTAA-CATGAGTACT	11430400	152768	0		4768	0
FGC2639_s_2_1_TGATTATACG-GTCGATTACA_FGC2639_s_2_2_TGATTATACG-GTCGATTACA	10449958	126190	0		3586	0
FGC2639_s_2_1_TGATGTAAGA-GTGCGTCCTT_FGC2639_s_2_2_TGATGTAAGA-GTGCGTCCTT	11980502	124832	0		4062	0
FGC2639_s_2_1_TCTGGTATCC-CGTTGCTTAC_FGC2639_s_2_2_TCTGGTATCC-CGTTGCTTAC	10008244	99022	0		3214	0
FGC2639_s_2_1_TCTCATGATA-AACACGTGGA_FGC2639_s_2_2_TCTCATGATA-AACACGTGGA	12906710	138316	0		5282	0
FGC2639_s_2_1_TCCATTGCCG-GAATGCACGA_FGC2639_s_2_2_TCCATTGCCG-GAATGCACGA	7856402	87926	0		2770	0
FGC2639_s_2_1_TCATAGATTG-GATTAAGGTG_FGC2639_s_2_2_TCATAGATTG-GATTAAGGTG	13514966	141296	0		5602	0
FGC2639_s_2_1_TCAGAAGGCG-GGCCATCATA_FGC2639_s_2_2_TCAGAAGGCG-GGCCATCATA	9502008	106654	0		4170	0
FGC2639_s_2_1_TATTGCGCTC-CTGTGTTAGG_FGC2639_s_2_2_TATTGCGCTC-CTGTGTTAGG	9364662	114524	0		4308	0
FGC2639_s_2_1_TATGTAGTCA-CGCACTAATG_FGC2639_s_2_2_TATGTAGTCA-CGCACTAATG	13203140	147102	0		4182	0
FGC2639_s_2_1_TATGCCTTAC-AGACACATTA_FGC2639_s_2_2_TATGCCTTAC-AGACACATTA	12554066	159664	0		4650	0
FGC2639_s_2_1_TAGTTCGGTA-CCATGTGTAG_FGC2639_s_2_2_TAGTTCGGTA-CCATGTGTAG	10043544	125040	0		4360	0
FGC2639_s_2_1_TAGCATAACC-GCTATGCGCA_FGC2639_s_2_2_TAGCATAACC-GCTATGCGCA	10258860	118682	0		4190	0
FGC2639_s_2_1_TAAGCATCCA-TCAATCCATT_FGC2639_s_2_2_TAAGCATCCA-TCAATCCATT	8310020	102450	0		2746	0
FGC2639_s_2_1_GTGCAGACAG-TACCATCCGT_FGC2639_s_2_2_GTGCAGACAG-TACCATCCGT	10634464	114830	0		3084	0
FGC2639_s_2_1_GTGACACGCA-GCTTACGGAC_FGC2639_s_2_2_GTGACACGCA-GCTTACGGAC	7570660	78746	0		2600	0
FGC2639_s_2_1_GTCTAATGGC-AGTGGTCAGG_FGC2639_s_2_2_GTCTAATGGC-AGTGGTCAGG	9335986	107714	0		3948	0
FGC2639_s_2_1_GTCCTGGATA-CGGTGGCGAA_FGC2639_s_2_2_GTCCTGGATA-CGGTGGCGAA	13080414	131306	0		4420	0
FGC2639_s_2_1_GTCCGTAAGC-CGTGTATCTT_FGC2639_s_2_2_GTCCGTAAGC-CGTGTATCTT	10274160	120024	0		3818	0
FGC2639_s_2_1_GTATTCCACC-ATGTAGACAA_FGC2639_s_2_2_GTATTCCACC-ATGTAGACAA	9780280	100998	0		2824	0
FGC2639_s_2_1_GGTTGCGAGG-AATAGAGCAA_FGC2639_s_2_2_GGTTGCGAGG-AATAGAGCAA	10404036	144594	0		4116	0
FGC2639_s_2_1_GGTAACTCGC-AAGTTGGTGA_FGC2639_s_2_2_GGTAACTCGC-AAGTTGGTGA	9728884	109170	0		3606	0
FGC2639_s_2_1_GGCAAGCCAG-CAAGCATCCG_FGC2639_s_2_2_GGCAAGCCAG-CAAGCATCCG	9467390	102008	0		3184	0
FGC2639_s_2_1_GGAGCGTGTA-ATCCGTAAGT_FGC2639_s_2_2_GGAGCGTGTA-ATCCGTAAGT	10711176	109626	0		3858	0
FGC2639_s_2_1_GCGTTGGTAT-ACATACTTCC_FGC2639_s_2_2_GCGTTGGTAT-ACATACTTCC	10568386	114620	0		2676	0
FGC2639_s_2_1_GCGTGGATGG-TTGACCAATG_FGC2639_s_2_2_GCGTGGATGG-TTGACCAATG	14321546	173202	0		5398	0
FGC2639_s_2_1_GCCGCACTCT-TCCGACCTCG_FGC2639_s_2_2_GCCGCACTCT-TCCGACCTCG	7398314	80444	0		2906	0
FGC2639_s_2_1_GCAACATGGA-CTTGTCTTAA_FGC2639_s_2_2_GCAACATGGA-CTTGTCTTAA	11470664	133198	0		3358	0
FGC2639_s_2_1_GATCAAGGCA-CCTTGTTAAT_FGC2639_s_2_2_GATCAAGGCA-CCTTGTTAAT	8850948	112722	0		3744	0
FGC2639_s_2_1_GATAGGCCGA-CGCACATGGC_FGC2639_s_2_2_GATAGGCCGA-CGCACATGGC	7765992	85866	0		2300	0
FGC2639_s_2_1_GAGTCATAGG-GTGTGGCGCT_FGC2639_s_2_2_GAGTCATAGG-GTGTGGCGCT	9413248	122900	0		4126	0
FGC2639_s_2_1_GAGAATGGTT-TCGGCAGCAA_FGC2639_s_2_2_GAGAATGGTT-TCGGCAGCAA	10218766	112734	2		3764	0
FGC2639_s_2_1_GACTGAGTAG-GTTGATAGTG_FGC2639_s_2_2_GACTGAGTAG-GTTGATAGTG	9344964	111898	2		3366	0
FGC2639_s_2_1_GACACCATGT-TCAACGTGTA_FGC2639_s_2_2_GACACCATGT-TCAACGTGTA	10656420	118630	0		3542	0
FGC2639_s_2_1_GAAGCGGCAC-CGGCTCTACT_FGC2639_s_2_2_GAAGCGGCAC-CGGCTCTACT	15750716	195934	0		5692	0
FGC2639_s_2_1_GAACTGAGCG-TCGTGGAGCG_FGC2639_s_2_2_GAACTGAGCG-TCGTGGAGCG	8660852	100062	0		3460	0
FGC2639_s_2_1_CTTGCCATTA-ATCACGAAGG_FGC2639_s_2_2_CTTGCCATTA-ATCACGAAGG	10652480	103134	0		3050	0
FGC2639_s_2_1_CTGCGAGCCA-AATCCGGCCA_FGC2639_s_2_2_CTGCGAGCCA-AATCCGGCCA	11685884	139334	0		4840	0
FGC2639_s_2_1_CTATTACTAC-GAGTCTCTCC_FGC2639_s_2_2_CTATTACTAC-GAGTCTCTCC	9732726	104312	2		3646	0
FGC2639_s_2_1_CTAGTGCTCT-TGGAACAGTA_FGC2639_s_2_2_CTAGTGCTCT-TGGAACAGTA	12305170	135142	2		5208	0
FGC2639_s_2_1_CGTTATTCTA-CCATAAGGTT_FGC2639_s_2_2_CGTTATTCTA-CCATAAGGTT	11643552	130264	0		3950	0
FGC2639_s_2_1_CGGTTACGGC-AAGACTATAG_FGC2639_s_2_2_CGGTTACGGC-AAGACTATAG	7994594	92852	0		3082	0
FGC2639_s_2_1_CGAGGCCAAG-GTGTTACCGG_FGC2639_s_2_2_CGAGGCCAAG-GTGTTACCGG	11848854	133936	0		5700	0
FGC2639_s_2_1_CGACATCCGA-TACGTTCATT_FGC2639_s_2_2_CGACATCCGA-TACGTTCATT	7920956	107272	0		3228	0
FGC2639_s_2_1_CCTGTCTGTC-ACTGTTGTGA_FGC2639_s_2_2_CCTGTCTGTC-ACTGTTGTGA	11530544	134670	0		4890	0
FGC2639_s_2_1_CCTCTACATG-GATACCTCCT_FGC2639_s_2_2_CCTCTACATG-GATACCTCCT	10793890	123378	0		4546	0
FGC2639_s_2_1_CCTCCGTCCA-CACATCGGTG_FGC2639_s_2_2_CCTCCGTCCA-CACATCGGTG	11174336	114200	0		4174	0
FGC2639_s_2_1_CCGTATGTTC-CATACACTGT_FGC2639_s_2_2_CCGTATGTTC-CATACACTGT	6733416	74150	0		2038	0
FGC2639_s_2_1_CCATCTCGCC-TTCTATGGTT_FGC2639_s_2_2_CCATCTCGCC-TTCTATGGTT	10401006	110444	0		3836	0
FGC2639_s_2_1_CCATCATTAG-GGTTGCCTCT_FGC2639_s_2_2_CCATCATTAG-GGTTGCCTCT	7982678	89416	0		3606	0
FGC2639_s_2_1_CCACCAGGCA-CTTATGGAAT_FGC2639_s_2_2_CCACCAGGCA-CTTATGGAAT	9850340	121716	0		3812	0
FGC2639_s_2_1_CATTAGTGCG-TGACTACATA_FGC2639_s_2_2_CATTAGTGCG-TGACTACATA	14121692	151416	0		4906	0
FGC2639_s_2_1_CAGTGGCACT-TAACAATAGG_FGC2639_s_2_2_CAGTGGCACT-TAACAATAGG	15477864	176172	0		5694	0
FGC2639_s_2_1_CAGCCGCGTA-ACTAGCCGTG_FGC2639_s_2_2_CAGCCGCGTA-ACTAGCCGTG	12977202	149630	0		5726	0
FGC2639_s_2_1_CACAATAGGA-TCCATCCGAG_FGC2639_s_2_2_CACAATAGGA-TCCATCCGAG	8794286	107402	0		3340	0
FGC2639_s_2_1_CAATCGGCTG-GCTGTAGGAA_FGC2639_s_2_2_CAATCGGCTG-GCTGTAGGAA	11235418	127688	0		5216	0
FGC2639_s_2_1_ATTCCATAAG-TGCCTGGTGG_FGC2639_s_2_2_ATTCCATAAG-TGCCTGGTGG	9873062	132286	0		4632	0
FGC2639_s_2_1_ATGGTTGACT-GGCCTGTCCT_FGC2639_s_2_2_ATGGTTGACT-GGCCTGTCCT	9030482	100844	0		3074	0
FGC2639_s_2_1_AGTGTTGCAC-CTGGTACACG_FGC2639_s_2_2_AGTGTTGCAC-CTGGTACACG	12640282	164648	0		5600	0
FGC2639_s_2_1_AGTCAGACGA-ACCAGCGACA_FGC2639_s_2_2_AGTCAGACGA-ACCAGCGACA	8415860	96586	0		2632	0
FGC2639_s_2_1_AGGTCAGATA-CTACAAGATA_FGC2639_s_2_2_AGGTCAGATA-CTACAAGATA	7637852	81156	0		2164	0
FGC2639_s_2_1_AGAGGCAACC-CTAATGATGG_FGC2639_s_2_2_AGAGGCAACC-CTAATGATGG	6869332	17520	2		778	0
FGC2639_s_2_1_ACTTCAAGCG-GAACCATGAA_FGC2639_s_2_2_ACTTCAAGCG-GAACCATGAA	10942084	113592	2		2672	0
FGC2639_s_2_1_ACTGGATCTA-TCGCCGCTAG_FGC2639_s_2_2_ACTGGATCTA-TCGCCGCTAG	12074658	141820	0		6498	0
FGC2639_s_2_1_ACTCTATTGT-ATCGCATATG_FGC2639_s_2_2_ACTCTATTGT-ATCGCATATG	11664338	141214	0		3462	0
FGC2639_s_2_1_ACTCGGCAAT-GACAACTGAA_FGC2639_s_2_2_ACTCGGCAAT-GACAACTGAA	11854678	154582	0		3924	0
FGC2639_s_2_1_ACGGTCAGGA-CGGCCTCGTT_FGC2639_s_2_2_ACGGTCAGGA-CGGCCTCGTT	10501058	117344	0		3760	0
FGC2639_s_2_1_ACGCCTTGTT-TAAGGAACGT_FGC2639_s_2_2_ACGCCTTGTT-TAAGGAACGT	13580982	158810	0		4386	0
FGC2639_s_2_1_ACCGTTACAA-CTCATAGCGA_FGC2639_s_2_2_ACCGTTACAA-CTCATAGCGA	12899024	134050	0		3946	0
FGC2639_s_2_1_ACCGGCCGTA-TGGCAATATT_FGC2639_s_2_2_ACCGGCCGTA-TGGCAATATT	16514922	194448	0		5306	0
FGC2639_s_2_1_ACCACGACAT-TCGTATGCGG_FGC2639_s_2_2_ACCACGACAT-TCGTATGCGG	15221536	179306	2		6436	0
FGC2639_s_2_1_ACATATCCAG-TATGTGCAAT_FGC2639_s_2_2_ACATATCCAG-TATGTGCAAT	12071232	131616	0		4380	0
FGC2639_s_2_1_ACAGTGTATG-GAACATACGG_FGC2639_s_2_2_ACAGTGTATG-GAACATACGG	9326036	111386	0		3164	0
FGC2639_s_2_1_AACCATAGAA-GGCGAGATGG_FGC2639_s_2_2_AACCATAGAA-GGCGAGATGG	7483986	88988	0		3092	0
FGC2639_s_2_1_AACATCGCGC-GTCCACTTGT_FGC2639_s_2_2_AACATCGCGC-GTCCACTTGT	8476394	91208	0		3112	0
FGC2639_s_1_1_TTGGAATTCC-ACGTCAATAC_FGC2639_s_1_2_TTGGAATTCC-ACGTCAATAC	10855142	111384	6		3470	0
FGC2639_s_1_1_TTCTACATAC-CTAACTGTAA_FGC2639_s_1_2_TTCTACATAC-CTAACTGTAA	11086384	110144	12		3164	0
FGC2639_s_1_1_TTCACGAGAC-AGATTGTTAC_FGC2639_s_1_2_TTCACGAGAC-AGATTGTTAC	11989022	149890	12		5074	0
FGC2639_s_1_1_TGTCGCTGGT-TCGTCTGACT_FGC2639_s_1_2_TGTCGCTGGT-TCGTCTGACT	11741386	136130	18		5734	0
FGC2639_s_1_1_TGTAATCGAC-GATCACCGCG_FGC2639_s_1_2_TGTAATCGAC-GATCACCGCG	11654562	134154	10		5596	0
FGC2639_s_1_1_TGGTACCTAA-CATGAGTACT_FGC2639_s_1_2_TGGTACCTAA-CATGAGTACT	11890870	154100	18		5356	0
FGC2639_s_1_1_TGATTATACG-GTCGATTACA_FGC2639_s_1_2_TGATTATACG-GTCGATTACA	10888776	125246	28		4052	0
FGC2639_s_1_1_TGATGTAAGA-GTGCGTCCTT_FGC2639_s_1_2_TGATGTAAGA-GTGCGTCCTT	12514070	125996	22		4350	0
FGC2639_s_1_1_TCTGGTATCC-CGTTGCTTAC_FGC2639_s_1_2_TCTGGTATCC-CGTTGCTTAC	10639248	102740	8		3470	0
FGC2639_s_1_1_TCTCATGATA-AACACGTGGA_FGC2639_s_1_2_TCTCATGATA-AACACGTGGA	13463446	139720	16		5814	0
FGC2639_s_1_1_TCCATTGCCG-GAATGCACGA_FGC2639_s_1_2_TCCATTGCCG-GAATGCACGA	8219954	88838	20		3016	0
FGC2639_s_1_1_TCATAGATTG-GATTAAGGTG_FGC2639_s_1_2_TCATAGATTG-GATTAAGGTG	14189966	142644	16		6202	0
FGC2639_s_1_1_TCAGAAGGCG-GGCCATCATA_FGC2639_s_1_2_TCAGAAGGCG-GGCCATCATA	9990512	108320	20		4400	0
FGC2639_s_1_1_TATTGCGCTC-CTGTGTTAGG_FGC2639_s_1_2_TATTGCGCTC-CTGTGTTAGG	9740760	115438	14		4572	0
FGC2639_s_1_1_TATGTAGTCA-CGCACTAATG_FGC2639_s_1_2_TATGTAGTCA-CGCACTAATG	13799502	148782	22		4478	0
FGC2639_s_1_1_TATGCCTTAC-AGACACATTA_FGC2639_s_1_2_TATGCCTTAC-AGACACATTA	13088972	160498	24		4772	0
FGC2639_s_1_1_TAGTTCGGTA-CCATGTGTAG_FGC2639_s_1_2_TAGTTCGGTA-CCATGTGTAG	10391138	124114	14		4726	0
FGC2639_s_1_1_TAGCATAACC-GCTATGCGCA_FGC2639_s_1_2_TAGCATAACC-GCTATGCGCA	10708328	119012	20		4204	0
FGC2639_s_1_1_TAAGCATCCA-TCAATCCATT_FGC2639_s_1_2_TAAGCATCCA-TCAATCCATT	8650428	103010	24		2928	0
FGC2639_s_1_1_GTGCAGACAG-TACCATCCGT_FGC2639_s_1_2_GTGCAGACAG-TACCATCCGT	11113744	115880	18		3330	0
FGC2639_s_1_1_GTGACACGCA-GCTTACGGAC_FGC2639_s_1_2_GTGACACGCA-GCTTACGGAC	8031054	81392	2		2526	0
FGC2639_s_1_1_GTCTAATGGC-AGTGGTCAGG_FGC2639_s_1_2_GTCTAATGGC-AGTGGTCAGG	9743872	108660	16		4098	0
FGC2639_s_1_1_GTCCTGGATA-CGGTGGCGAA_FGC2639_s_1_2_GTCCTGGATA-CGGTGGCGAA	13645276	130608	18		4742	0
FGC2639_s_1_1_GTCCGTAAGC-CGTGTATCTT_FGC2639_s_1_2_GTCCGTAAGC-CGTGTATCTT	10802898	120016	20		4124	0
FGC2639_s_1_1_GTATTCCACC-ATGTAGACAA_FGC2639_s_1_2_GTATTCCACC-ATGTAGACAA	10243398	100924	30		3008	0
FGC2639_s_1_1_GGTTGCGAGG-AATAGAGCAA_FGC2639_s_1_2_GGTTGCGAGG-AATAGAGCAA	10845274	144206	8		4572	0
FGC2639_s_1_1_GGTAACTCGC-AAGTTGGTGA_FGC2639_s_1_2_GGTAACTCGC-AAGTTGGTGA	10117878	107898	14		3806	0
FGC2639_s_1_1_GGCAAGCCAG-CAAGCATCCG_FGC2639_s_1_2_GGCAAGCCAG-CAAGCATCCG	9896442	102342	24		3400	0
FGC2639_s_1_1_GGAGCGTGTA-ATCCGTAAGT_FGC2639_s_1_2_GGAGCGTGTA-ATCCGTAAGT	11223580	110438	22		4250	0
FGC2639_s_1_1_GCGTTGGTAT-ACATACTTCC_FGC2639_s_1_2_GCGTTGGTAT-ACATACTTCC	11365940	118738	8		2772	0
FGC2639_s_1_1_GCGTGGATGG-TTGACCAATG_FGC2639_s_1_2_GCGTGGATGG-TTGACCAATG	14924214	173470	24		5646	0
FGC2639_s_1_1_GCCGCACTCT-TCCGACCTCG_FGC2639_s_1_2_GCCGCACTCT-TCCGACCTCG	7707064	81496	8		3012	0
FGC2639_s_1_1_GCAACATGGA-CTTGTCTTAA_FGC2639_s_1_2_GCAACATGGA-CTTGTCTTAA	12045720	134342	22		3574	0
FGC2639_s_1_1_GATCAAGGCA-CCTTGTTAAT_FGC2639_s_1_2_GATCAAGGCA-CCTTGTTAAT	9274850	113386	16		3968	0
FGC2639_s_1_1_GATAGGCCGA-CGCACATGGC_FGC2639_s_1_2_GATAGGCCGA-CGCACATGGC	8272306	89632	8		2644	0
FGC2639_s_1_1_GAGTCATAGG-GTGTGGCGCT_FGC2639_s_1_2_GAGTCATAGG-GTGTGGCGCT	9852678	125510	16		4236	0
FGC2639_s_1_1_GAGAATGGTT-TCGGCAGCAA_FGC2639_s_1_2_GAGAATGGTT-TCGGCAGCAA	10637936	113526	12		3842	0
FGC2639_s_1_1_GACTGAGTAG-GTTGATAGTG_FGC2639_s_1_2_GACTGAGTAG-GTTGATAGTG	9822562	111762	20		3658	0
FGC2639_s_1_1_GACACCATGT-TCAACGTGTA_FGC2639_s_1_2_GACACCATGT-TCAACGTGTA	11153620	119548	14		3864	0
FGC2639_s_1_1_GAAGCGGCAC-CGGCTCTACT_FGC2639_s_1_2_GAAGCGGCAC-CGGCTCTACT	16429234	196988	28		6180	0
FGC2639_s_1_1_GAACTGAGCG-TCGTGGAGCG_FGC2639_s_1_2_GAACTGAGCG-TCGTGGAGCG	9033872	99940	16		3618	0
FGC2639_s_1_1_CTTGCCATTA-ATCACGAAGG_FGC2639_s_1_2_CTTGCCATTA-ATCACGAAGG	11169404	103250	24		3314	0
FGC2639_s_1_1_CTGCGAGCCA-AATCCGGCCA_FGC2639_s_1_2_CTGCGAGCCA-AATCCGGCCA	12452304	145786	8		5306	0
FGC2639_s_1_1_CTATTACTAC-GAGTCTCTCC_FGC2639_s_1_2_CTATTACTAC-GAGTCTCTCC	10326422	108640	10		3942	0
FGC2639_s_1_1_CTAGTGCTCT-TGGAACAGTA_FGC2639_s_1_2_CTAGTGCTCT-TGGAACAGTA	12820122	136382	14		5202	0
FGC2639_s_1_1_CGTTATTCTA-CCATAAGGTT_FGC2639_s_1_2_CGTTATTCTA-CCATAAGGTT	12247666	131422	16		4056	0
FGC2639_s_1_1_CGGTTACGGC-AAGACTATAG_FGC2639_s_1_2_CGGTTACGGC-AAGACTATAG	8307022	93966	10		3122	0
FGC2639_s_1_1_CGAGGCCAAG-GTGTTACCGG_FGC2639_s_1_2_CGAGGCCAAG-GTGTTACCGG	12405672	135546	30		6114	0
FGC2639_s_1_1_CGACATCCGA-TACGTTCATT_FGC2639_s_1_2_CGACATCCGA-TACGTTCATT	8218510	107792	12		3440	0
FGC2639_s_1_1_CCTGTCTGTC-ACTGTTGTGA_FGC2639_s_1_2_CCTGTCTGTC-ACTGTTGTGA	11956576	135116	32		4972	0
FGC2639_s_1_1_CCTCTACATG-GATACCTCCT_FGC2639_s_1_2_CCTCTACATG-GATACCTCCT	11323594	125874	32		4956	0
FGC2639_s_1_1_CCTCCGTCCA-CACATCGGTG_FGC2639_s_1_2_CCTCCGTCCA-CACATCGGTG	11799404	115812	18		4346	0
FGC2639_s_1_1_CCGTATGTTC-CATACACTGT_FGC2639_s_1_2_CCGTATGTTC-CATACACTGT	7060630	76192	8		2094	0
FGC2639_s_1_1_CCATCTCGCC-TTCTATGGTT_FGC2639_s_1_2_CCATCTCGCC-TTCTATGGTT	11017166	111424	22		4046	0
FGC2639_s_1_1_CCATCATTAG-GGTTGCCTCT_FGC2639_s_1_2_CCATCATTAG-GGTTGCCTCT	8385240	91410	14		3838	0
FGC2639_s_1_1_CCACCAGGCA-CTTATGGAAT_FGC2639_s_1_2_CCACCAGGCA-CTTATGGAAT	10314354	123122	34		4042	0
FGC2639_s_1_1_CATTAGTGCG-TGACTACATA_FGC2639_s_1_2_CATTAGTGCG-TGACTACATA	14871288	154728	32		5374	0
FGC2639_s_1_1_CAGTGGCACT-TAACAATAGG_FGC2639_s_1_2_CAGTGGCACT-TAACAATAGG	16122038	177882	30		6236	0
FGC2639_s_1_1_CAGCCGCGTA-ACTAGCCGTG_FGC2639_s_1_2_CAGCCGCGTA-ACTAGCCGTG	13490330	148394	24		6050	0
FGC2639_s_1_1_CACAATAGGA-TCCATCCGAG_FGC2639_s_1_2_CACAATAGGA-TCCATCCGAG	9192544	108364	20		3754	0
FGC2639_s_1_1_CAATCGGCTG-GCTGTAGGAA_FGC2639_s_1_2_CAATCGGCTG-GCTGTAGGAA	11687022	127476	20		5392	0
FGC2639_s_1_1_ATTCCATAAG-TGCCTGGTGG_FGC2639_s_1_2_ATTCCATAAG-TGCCTGGTGG	10310744	133688	22		5076	0
FGC2639_s_1_1_ATGGTTGACT-GGCCTGTCCT_FGC2639_s_1_2_ATGGTTGACT-GGCCTGTCCT	9455508	101968	18		3364	0
FGC2639_s_1_1_AGTGTTGCAC-CTGGTACACG_FGC2639_s_1_2_AGTGTTGCAC-CTGGTACACG	13155126	166190	22		5878	0
FGC2639_s_1_1_AGTCAGACGA-ACCAGCGACA_FGC2639_s_1_2_AGTCAGACGA-ACCAGCGACA	8764842	98030	18		2844	0
FGC2639_s_1_1_AGGTCAGATA-CTACAAGATA_FGC2639_s_1_2_AGGTCAGATA-CTACAAGATA	7963524	81228	26		2274	0
FGC2639_s_1_1_AGAGGCAACC-CTAATGATGG_FGC2639_s_1_2_AGAGGCAACC-CTAATGATGG	7113386	16252	20		810	0
FGC2639_s_1_1_ACTTCAAGCG-GAACCATGAA_FGC2639_s_1_2_ACTTCAAGCG-GAACCATGAA	11504646	116156	24		2932	0
FGC2639_s_1_1_ACTGGATCTA-TCGCCGCTAG_FGC2639_s_1_2_ACTGGATCTA-TCGCCGCTAG	12592774	143970	20		6676	0
FGC2639_s_1_1_ACTCTATTGT-ATCGCATATG_FGC2639_s_1_2_ACTCTATTGT-ATCGCATATG	12195906	143788	24		3764	0
FGC2639_s_1_1_ACTCGGCAAT-GACAACTGAA_FGC2639_s_1_2_ACTCGGCAAT-GACAACTGAA	12309752	156696	16		4252	0
FGC2639_s_1_1_ACGGTCAGGA-CGGCCTCGTT_FGC2639_s_1_2_ACGGTCAGGA-CGGCCTCGTT	10967598	118672	16		4242	0
FGC2639_s_1_1_ACGCCTTGTT-TAAGGAACGT_FGC2639_s_1_2_ACGCCTTGTT-TAAGGAACGT	14211786	160654	14		4764	0
FGC2639_s_1_1_ACCGTTACAA-CTCATAGCGA_FGC2639_s_1_2_ACCGTTACAA-CTCATAGCGA	13510008	135282	10		4184	0
FGC2639_s_1_1_ACCGGCCGTA-TGGCAATATT_FGC2639_s_1_2_ACCGGCCGTA-TGGCAATATT	17181804	195258	24		5948	0
FGC2639_s_1_1_ACCACGACAT-TCGTATGCGG_FGC2639_s_1_2_ACCACGACAT-TCGTATGCGG	15976108	180218	38		6750	0
FGC2639_s_1_1_ACATATCCAG-TATGTGCAAT_FGC2639_s_1_2_ACATATCCAG-TATGTGCAAT	12740930	131870	12		4716	0
FGC2639_s_1_1_ACAGTGTATG-GAACATACGG_FGC2639_s_1_2_ACAGTGTATG-GAACATACGG	9756540	113186	14		3372	0
FGC2639_s_1_1_AACCATAGAA-GGCGAGATGG_FGC2639_s_1_2_AACCATAGAA-GGCGAGATGG	7822106	89182	16		3436	0
FGC2639_s_1_1_AACATCGCGC-GTCCACTTGT_FGC2639_s_1_2_AACATCGCGC-GTCCACTTGT	8911742	93306	14		3364	0
FGC2634_s_2_1_TTGGAATTCC-ACGTCAATAC_FGC2634_s_2_2_TTGGAATTCC-ACGTCAATAC	30258230	322080	286		10644	0
FGC2634_s_2_1_TTCTACATAC-CTAACTGTAA_FGC2634_s_2_2_TTCTACATAC-CTAACTGTAA	33224752	398990	366		10196	0
FGC2634_s_2_1_TTCACGAGAC-AGATTGTTAC_FGC2634_s_2_2_TTCACGAGAC-AGATTGTTAC	34242798	477536	326		16544	0
FGC2634_s_2_1_TGTCGCTGGT-TCGTCTGACT_FGC2634_s_2_2_TGTCGCTGGT-TCGTCTGACT	35065666	462588	386		24472	0
FGC2634_s_2_1_TGTAATCGAC-GATCACCGCG_FGC2634_s_2_2_TGTAATCGAC-GATCACCGCG	34830268	470332	358		18536	0
FGC2634_s_2_1_TGGTACCTAA-CATGAGTACT_FGC2634_s_2_2_TGGTACCTAA-CATGAGTACT	36086326	504624	324		19196	0
FGC2634_s_2_1_TGATTATACG-GTCGATTACA_FGC2634_s_2_2_TGATTATACG-GTCGATTACA	32649048	452944	304		13716	0
FGC2634_s_2_1_TGATGTAAGA-GTGCGTCCTT_FGC2634_s_2_2_TGATGTAAGA-GTGCGTCCTT	36913994	451688	354		19638	0
FGC2634_s_2_1_TCTGGTATCC-CGTTGCTTAC_FGC2634_s_2_2_TCTGGTATCC-CGTTGCTTAC	29321474	314960	316		14636	0
FGC2634_s_2_1_TCTCATGATA-AACACGTGGA_FGC2634_s_2_2_TCTCATGATA-AACACGTGGA	39421624	471678	368		22496	0
FGC2634_s_2_1_TCCATTGCCG-GAATGCACGA_FGC2634_s_2_2_TCCATTGCCG-GAATGCACGA	24091576	295980	254		10542	0
FGC2634_s_2_1_TCATAGATTG-GATTAAGGTG_FGC2634_s_2_2_TCATAGATTG-GATTAAGGTG	39902256	487314	382		22552	0
FGC2634_s_2_1_TCAGAAGGCG-GGCCATCATA_FGC2634_s_2_2_TCAGAAGGCG-GGCCATCATA	27637910	372736	252		15898	0
FGC2634_s_2_1_TATTGCGCTC-CTGTGTTAGG_FGC2634_s_2_2_TATTGCGCTC-CTGTGTTAGG	29575934	400428	314		15226	0
FGC2634_s_2_1_TATGTAGTCA-CGCACTAATG_FGC2634_s_2_2_TATGTAGTCA-CGCACTAATG	40208780	495778	360		15972	0
FGC2634_s_2_1_TATGCCTTAC-AGACACATTA_FGC2634_s_2_2_TATGCCTTAC-AGACACATTA	40178960	545348	392		17290	0
FGC2634_s_2_1_TAGTTCGGTA-CCATGTGTAG_FGC2634_s_2_2_TAGTTCGGTA-CCATGTGTAG	31743698	432600	328		17180	0
FGC2634_s_2_1_TAGCATAACC-GCTATGCGCA_FGC2634_s_2_2_TAGCATAACC-GCTATGCGCA	31786042	439090	326		14016	0
FGC2634_s_2_1_TAAGCATCCA-TCAATCCATT_FGC2634_s_2_2_TAAGCATCCA-TCAATCCATT	26315342	365018	246		10442	0
FGC2634_s_2_1_GTGCAGACAG-TACCATCCGT_FGC2634_s_2_2_GTGCAGACAG-TACCATCCGT	33041954	382254	324		11810	0
FGC2634_s_2_1_GTGACACGCA-GCTTACGGAC_FGC2634_s_2_2_GTGACACGCA-GCTTACGGAC	22654020	255062	200		9258	0
FGC2634_s_2_1_GTCTAATGGC-AGTGGTCAGG_FGC2634_s_2_2_GTCTAATGGC-AGTGGTCAGG	29139938	385604	314		14294	0
FGC2634_s_2_1_GTCCTGGATA-CGGTGGCGAA_FGC2634_s_2_2_GTCCTGGATA-CGGTGGCGAA	39989966	461462	434		16670	0
FGC2634_s_2_1_GTCCGTAAGC-CGTGTATCTT_FGC2634_s_2_2_GTCCGTAAGC-CGTGTATCTT	29526236	406754	302		15504	0
FGC2634_s_2_1_GTATTCCACC-ATGTAGACAA_FGC2634_s_2_2_GTATTCCACC-ATGTAGACAA	29390182	366368	280		11024	0
FGC2634_s_2_1_GGTTGCGAGG-AATAGAGCAA_FGC2634_s_2_2_GGTTGCGAGG-AATAGAGCAA	32301882	514546	300		19850	0
FGC2634_s_2_1_GGTAACTCGC-AAGTTGGTGA_FGC2634_s_2_2_GGTAACTCGC-AAGTTGGTGA	30762046	400388	302		11888	0
FGC2634_s_2_1_GGCAAGCCAG-CAAGCATCCG_FGC2634_s_2_2_GGCAAGCCAG-CAAGCATCCG	28962294	357158	268		14198	0
FGC2634_s_2_1_GGAGCGTGTA-ATCCGTAAGT_FGC2634_s_2_2_GGAGCGTGTA-ATCCGTAAGT	32878582	363138	336		15920	0
FGC2634_s_2_1_GCGTTGGTAT-ACATACTTCC_FGC2634_s_2_2_GCGTTGGTAT-ACATACTTCC	30300658	321106	266		11672	0
FGC2634_s_2_1_GCGTGGATGG-TTGACCAATG_FGC2634_s_2_2_GCGTGGATGG-TTGACCAATG	44552876	595958	448		23264	0
FGC2634_s_2_1_GCCGCACTCT-TCCGACCTCG_FGC2634_s_2_2_GCCGCACTCT-TCCGACCTCG	23452690	287654	224		9970	0
FGC2634_s_2_1_GCAACATGGA-CTTGTCTTAA_FGC2634_s_2_2_GCAACATGGA-CTTGTCTTAA	33345720	469566	362		14816	0
FGC2634_s_2_1_GATCAAGGCA-CCTTGTTAAT_FGC2634_s_2_2_GATCAAGGCA-CCTTGTTAAT	26718954	392848	262		14042	0
FGC2634_s_2_1_GATAGGCCGA-CGCACATGGC_FGC2634_s_2_2_GATAGGCCGA-CGCACATGGC	22157612	264066	216		8918	0
FGC2634_s_2_1_GAGTCATAGG-GTGTGGCGCT_FGC2634_s_2_2_GAGTCATAGG-GTGTGGCGCT	28591436	407456	242		14134	0
FGC2634_s_2_1_GAGAATGGTT-TCGGCAGCAA_FGC2634_s_2_2_GAGAATGGTT-TCGGCAGCAA	31610032	393752	322		13176	0
FGC2634_s_2_1_GACTGAGTAG-GTTGATAGTG_FGC2634_s_2_2_GACTGAGTAG-GTTGATAGTG	28092146	374706	294		14124	0
FGC2634_s_2_1_GACACCATGT-TCAACGTGTA_FGC2634_s_2_2_GACACCATGT-TCAACGTGTA	32219260	406494	340		12652	0
FGC2634_s_2_1_GAAGCGGCAC-CGGCTCTACT_FGC2634_s_2_2_GAAGCGGCAC-CGGCTCTACT	48771528	686114	480		23020	0
FGC2634_s_2_1_GAACTGAGCG-TCGTGGAGCG_FGC2634_s_2_2_GAACTGAGCG-TCGTGGAGCG	26670470	361716	208		14684	0
FGC2634_s_2_1_CTTGCCATTA-ATCACGAAGG_FGC2634_s_2_2_CTTGCCATTA-ATCACGAAGG	32550736	349504	310		11278	0
FGC2634_s_2_1_CTGCGAGCCA-AATCCGGCCA_FGC2634_s_2_2_CTGCGAGCCA-AATCCGGCCA	34538826	449312	328		17656	0
FGC2634_s_2_1_CTATTACTAC-GAGTCTCTCC_FGC2634_s_2_2_CTATTACTAC-GAGTCTCTCC	29118394	355724	292		13004	0
FGC2634_s_2_1_CTAGTGCTCT-TGGAACAGTA_FGC2634_s_2_2_CTAGTGCTCT-TGGAACAGTA	38724770	458158	376		20216	0
FGC2634_s_2_1_CGTTATTCTA-CCATAAGGTT_FGC2634_s_2_2_CGTTATTCTA-CCATAAGGTT	34722588	420868	348		15464	0
FGC2634_s_2_1_CGGTTACGGC-AAGACTATAG_FGC2634_s_2_2_CGGTTACGGC-AAGACTATAG	25739016	326370	248		11322	0
FGC2634_s_2_1_CGAGGCCAAG-GTGTTACCGG_FGC2634_s_2_2_CGAGGCCAAG-GTGTTACCGG	36573414	455920	396		25664	0
FGC2634_s_2_1_CGACATCCGA-TACGTTCATT_FGC2634_s_2_2_CGACATCCGA-TACGTTCATT	25114546	377850	248		11284	0
FGC2634_s_2_1_CCTGTCTGTC-ACTGTTGTGA_FGC2634_s_2_2_CCTGTCTGTC-ACTGTTGTGA	36473302	477634	410		19504	0
FGC2634_s_2_1_CCTCTACATG-GATACCTCCT_FGC2634_s_2_2_CCTCTACATG-GATACCTCCT	32506516	406868	342		16704	0
FGC2634_s_2_1_CCTCCGTCCA-CACATCGGTG_FGC2634_s_2_2_CCTCCGTCCA-CACATCGGTG	31850276	398364	364		17232	0
FGC2634_s_2_1_CCGTATGTTC-CATACACTGT_FGC2634_s_2_2_CCGTATGTTC-CATACACTGT	20972928	242106	180		7944	0
FGC2634_s_2_1_CCATCTCGCC-TTCTATGGTT_FGC2634_s_2_2_CCATCTCGCC-TTCTATGGTT	30705610	364056	296		13684	0
FGC2634_s_2_1_CCATCATTAG-GGTTGCCTCT_FGC2634_s_2_2_CCATCATTAG-GGTTGCCTCT	24101334	295500	248		11846	0
FGC2634_s_2_1_CCACCAGGCA-CTTATGGAAT_FGC2634_s_2_2_CCACCAGGCA-CTTATGGAAT	29906474	430474	290		13390	0
FGC2634_s_2_1_CATTAGTGCG-TGACTACATA_FGC2634_s_2_2_CATTAGTGCG-TGACTACATA	41690878	498296	432		18496	0
FGC2634_s_2_1_CAGTGGCACT-TAACAATAGG_FGC2634_s_2_2_CAGTGGCACT-TAACAATAGG	48692264	627344	500		27716	0
FGC2634_s_2_1_CAGCCGCGTA-ACTAGCCGTG_FGC2634_s_2_2_CAGCCGCGTA-ACTAGCCGTG	40586188	541906	438		21110	0
FGC2634_s_2_1_CACAATAGGA-TCCATCCGAG_FGC2634_s_2_2_CACAATAGGA-TCCATCCGAG	27296030	376072	284		12388	0
FGC2634_s_2_1_CAATCGGCTG-GCTGTAGGAA_FGC2634_s_2_2_CAATCGGCTG-GCTGTAGGAA	34824642	464370	344		19376	0
FGC2634_s_2_1_ATTCCATAAG-TGCCTGGTGG_FGC2634_s_2_2_ATTCCATAAG-TGCCTGGTGG	30568496	450890	330		15898	0
FGC2634_s_2_1_ATGGTTGACT-GGCCTGTCCT_FGC2634_s_2_2_ATGGTTGACT-GGCCTGTCCT	27828354	321216	282		12252	0
FGC2634_s_2_1_AGTGTTGCAC-CTGGTACACG_FGC2634_s_2_2_AGTGTTGCAC-CTGGTACACG	39037646	573584	338		21928	0
FGC2634_s_2_1_AGTCAGACGA-ACCAGCGACA_FGC2634_s_2_2_AGTCAGACGA-ACCAGCGACA	26035710	330612	304		9688	0
FGC2634_s_2_1_AGGTCAGATA-CTACAAGATA_FGC2634_s_2_2_AGGTCAGATA-CTACAAGATA	23771506	277014	240		8440	0
FGC2634_s_2_1_AGAGGCAACC-CTAATGATGG_FGC2634_s_2_2_AGAGGCAACC-CTAATGATGG	24258726	111526	244		6380	0
FGC2634_s_2_1_ACTTCAAGCG-GAACCATGAA_FGC2634_s_2_2_ACTTCAAGCG-GAACCATGAA	31882934	383566	296		11148	0
FGC2634_s_2_1_ACTGGATCTA-TCGCCGCTAG_FGC2634_s_2_2_ACTGGATCTA-TCGCCGCTAG	36794620	482274	368		24764	0
FGC2634_s_2_1_ACTCTATTGT-ATCGCATATG_FGC2634_s_2_2_ACTCTATTGT-ATCGCATATG	34624768	449286	358		13120	0
FGC2634_s_2_1_ACTCGGCAAT-GACAACTGAA_FGC2634_s_2_2_ACTCGGCAAT-GACAACTGAA	37646208	530150	418		17980	0
FGC2634_s_2_1_ACGGTCAGGA-CGGCCTCGTT_FGC2634_s_2_2_ACGGTCAGGA-CGGCCTCGTT	32375238	403806	318		17650	0
FGC2634_s_2_1_ACGCCTTGTT-TAAGGAACGT_FGC2634_s_2_2_ACGCCTTGTT-TAAGGAACGT	41339476	509756	412		18052	0
FGC2634_s_2_1_ACCGTTACAA-CTCATAGCGA_FGC2634_s_2_2_ACCGTTACAA-CTCATAGCGA	38666778	463232	384		16482	0
FGC2634_s_2_1_ACCGGCCGTA-TGGCAATATT_FGC2634_s_2_2_ACCGGCCGTA-TGGCAATATT	51160770	679906	504		22816	0
FGC2634_s_2_1_ACCACGACAT-TCGTATGCGG_FGC2634_s_2_2_ACCACGACAT-TCGTATGCGG	45751980	654058	476		21918	0
FGC2634_s_2_1_ACATATCCAG-TATGTGCAAT_FGC2634_s_2_2_ACATATCCAG-TATGTGCAAT	35231346	431342	366		17270	0
FGC2634_s_2_1_ACAGTGTATG-GAACATACGG_FGC2634_s_2_2_ACAGTGTATG-GAACATACGG	28917952	366086	228		13208	0
FGC2634_s_2_1_AACCATAGAA-GGCGAGATGG_FGC2634_s_2_2_AACCATAGAA-GGCGAGATGG	22884990	322516	208		12016	0
FGC2634_s_2_1_AACATCGCGC-GTCCACTTGT_FGC2634_s_2_2_AACATCGCGC-GTCCACTTGT	25848662	307922	302		12004	0
FGC2634_s_1_1_TTGGAATTCC-ACGTCAATAC_FGC2634_s_1_2_TTGGAATTCC-ACGTCAATAC	29658056	307962	114		10378	0
FGC2634_s_1_1_TTCTACATAC-CTAACTGTAA_FGC2634_s_1_2_TTCTACATAC-CTAACTGTAA	32681476	380066	102		9880	0
FGC2634_s_1_1_TTCACGAGAC-AGATTGTTAC_FGC2634_s_1_2_TTCACGAGAC-AGATTGTTAC	33593656	459040	100		16000	0
FGC2634_s_1_1_TGTCGCTGGT-TCGTCTGACT_FGC2634_s_1_2_TGTCGCTGGT-TCGTCTGACT	34489648	443908	104		23354	0
FGC2634_s_1_1_TGTAATCGAC-GATCACCGCG_FGC2634_s_1_2_TGTAATCGAC-GATCACCGCG	34142466	449140	82		17534	0
FGC2634_s_1_1_TGGTACCTAA-CATGAGTACT_FGC2634_s_1_2_TGGTACCTAA-CATGAGTACT	35466692	483750	122		18228	0
FGC2634_s_1_1_TGATTATACG-GTCGATTACA_FGC2634_s_1_2_TGATTATACG-GTCGATTACA	32084102	433666	102		13110	0
FGC2634_s_1_1_TGATGTAAGA-GTGCGTCCTT_FGC2634_s_1_2_TGATGTAAGA-GTGCGTCCTT	36284240	428360	116		18366	0
FGC2634_s_1_1_TCTGGTATCC-CGTTGCTTAC_FGC2634_s_1_2_TCTGGTATCC-CGTTGCTTAC	28817026	301446	96		13564	0
FGC2634_s_1_1_TCTCATGATA-AACACGTGGA_FGC2634_s_1_2_TCTCATGATA-AACACGTGGA	38763346	447804	132		21124	0
FGC2634_s_1_1_TCCATTGCCG-GAATGCACGA_FGC2634_s_1_2_TCCATTGCCG-GAATGCACGA	23646778	282298	68		9884	0
FGC2634_s_1_1_TCATAGATTG-GATTAAGGTG_FGC2634_s_1_2_TCATAGATTG-GATTAAGGTG	39351758	467972	136		21712	0
FGC2634_s_1_1_TCAGAAGGCG-GGCCATCATA_FGC2634_s_1_2_TCAGAAGGCG-GGCCATCATA	27181550	355446	82		15004	0
FGC2634_s_1_1_TATTGCGCTC-CTGTGTTAGG_FGC2634_s_1_2_TATTGCGCTC-CTGTGTTAGG	29010002	382478	92		14614	0
FGC2634_s_1_1_TATGTAGTCA-CGCACTAATG_FGC2634_s_1_2_TATGTAGTCA-CGCACTAATG	39474344	469436	144		15228	0
FGC2634_s_1_1_TATGCCTTAC-AGACACATTA_FGC2634_s_1_2_TATGCCTTAC-AGACACATTA	39488088	523282	114		16522	0
FGC2634_s_1_1_TAGTTCGGTA-CCATGTGTAG_FGC2634_s_1_2_TAGTTCGGTA-CCATGTGTAG	31159102	410476	100		16398	0
FGC2634_s_1_1_TAGCATAACC-GCTATGCGCA_FGC2634_s_1_2_TAGCATAACC-GCTATGCGCA	31170076	419068	86		13150	0
FGC2634_s_1_1_TAAGCATCCA-TCAATCCATT_FGC2634_s_1_2_TAAGCATCCA-TCAATCCATT	25829716	348584	90		9282	0
FGC2634_s_1_1_GTGCAGACAG-TACCATCCGT_FGC2634_s_1_2_GTGCAGACAG-TACCATCCGT	32349772	363384	106		11674	0
FGC2634_s_1_1_GTGACACGCA-GCTTACGGAC_FGC2634_s_1_2_GTGACACGCA-GCTTACGGAC	22125442	245222	50		8930	0
FGC2634_s_1_1_GTCTAATGGC-AGTGGTCAGG_FGC2634_s_1_2_GTCTAATGGC-AGTGGTCAGG	28548240	366606	82		13582	0
FGC2634_s_1_1_GTCCTGGATA-CGGTGGCGAA_FGC2634_s_1_2_GTCCTGGATA-CGGTGGCGAA	39250524	437254	158		15702	0
FGC2634_s_1_1_GTCCGTAAGC-CGTGTATCTT_FGC2634_s_1_2_GTCCGTAAGC-CGTGTATCTT	29119448	388784	100		15104	0
FGC2634_s_1_1_GTATTCCACC-ATGTAGACAA_FGC2634_s_1_2_GTATTCCACC-ATGTAGACAA	28955220	348338	86		10988	0
FGC2634_s_1_1_GGTTGCGAGG-AATAGAGCAA_FGC2634_s_1_2_GGTTGCGAGG-AATAGAGCAA	31735494	489608	112		19474	0
FGC2634_s_1_1_GGTAACTCGC-AAGTTGGTGA_FGC2634_s_1_2_GGTAACTCGC-AAGTTGGTGA	30071934	381016	114		11688	0
FGC2634_s_1_1_GGCAAGCCAG-CAAGCATCCG_FGC2634_s_1_2_GGCAAGCCAG-CAAGCATCCG	28410462	339824	94		13186	0
FGC2634_s_1_1_GGAGCGTGTA-ATCCGTAAGT_FGC2634_s_1_2_GGAGCGTGTA-ATCCGTAAGT	32235454	347466	130		14740	0
FGC2634_s_1_1_GCGTTGGTAT-ACATACTTCC_FGC2634_s_1_2_GCGTTGGTAT-ACATACTTCC	29825806	308238	116		11858	0
FGC2634_s_1_1_GCGTGGATGG-TTGACCAATG_FGC2634_s_1_2_GCGTGGATGG-TTGACCAATG	43730566	567690	144		22498	0
FGC2634_s_1_1_GCCGCACTCT-TCCGACCTCG_FGC2634_s_1_2_GCCGCACTCT-TCCGACCTCG	22940138	273176	60		9364	0
FGC2634_s_1_1_GCAACATGGA-CTTGTCTTAA_FGC2634_s_1_2_GCAACATGGA-CTTGTCTTAA	32844428	447996	120		13722	0
FGC2634_s_1_1_GATCAAGGCA-CCTTGTTAAT_FGC2634_s_1_2_GATCAAGGCA-CCTTGTTAAT	26191252	376726	86		12836	0
FGC2634_s_1_1_GATAGGCCGA-CGCACATGGC_FGC2634_s_1_2_GATAGGCCGA-CGCACATGGC	21646210	254028	60		8884	0
FGC2634_s_1_1_GAGTCATAGG-GTGTGGCGCT_FGC2634_s_1_2_GAGTCATAGG-GTGTGGCGCT	28060418	389222	74		13658	0
FGC2634_s_1_1_GAGAATGGTT-TCGGCAGCAA_FGC2634_s_1_2_GAGAATGGTT-TCGGCAGCAA	31108688	375026	82		12796	0
FGC2634_s_1_1_GACTGAGTAG-GTTGATAGTG_FGC2634_s_1_2_GACTGAGTAG-GTTGATAGTG	27642028	358484	102		13484	0
FGC2634_s_1_1_GACACCATGT-TCAACGTGTA_FGC2634_s_1_2_GACACCATGT-TCAACGTGTA	31707744	387428	88		11922	0
FGC2634_s_1_1_GAAGCGGCAC-CGGCTCTACT_FGC2634_s_1_2_GAAGCGGCAC-CGGCTCTACT	47732762	652294	182		21818	0
FGC2634_s_1_1_GAACTGAGCG-TCGTGGAGCG_FGC2634_s_1_2_GAACTGAGCG-TCGTGGAGCG	26124508	345616	68		13260	0
FGC2634_s_1_1_CTTGCCATTA-ATCACGAAGG_FGC2634_s_1_2_CTTGCCATTA-ATCACGAAGG	31990986	331400	98		10850	0
FGC2634_s_1_1_CTGCGAGCCA-AATCCGGCCA_FGC2634_s_1_2_CTGCGAGCCA-AATCCGGCCA	33795432	428928	82		17554	0
FGC2634_s_1_1_CTATTACTAC-GAGTCTCTCC_FGC2634_s_1_2_CTATTACTAC-GAGTCTCTCC	28567530	338324	114		12916	0
FGC2634_s_1_1_CTAGTGCTCT-TGGAACAGTA_FGC2634_s_1_2_CTAGTGCTCT-TGGAACAGTA	38068414	436986	132		19416	0
FGC2634_s_1_1_CGTTATTCTA-CCATAAGGTT_FGC2634_s_1_2_CGTTATTCTA-CCATAAGGTT	34162954	400494	146		14390	0
FGC2634_s_1_1_CGGTTACGGC-AAGACTATAG_FGC2634_s_1_2_CGGTTACGGC-AAGACTATAG	25228782	309006	98		10970	0
FGC2634_s_1_1_CGAGGCCAAG-GTGTTACCGG_FGC2634_s_1_2_CGAGGCCAAG-GTGTTACCGG	35934114	434230	120		24798	0
FGC2634_s_1_1_CGACATCCGA-TACGTTCATT_FGC2634_s_1_2_CGACATCCGA-TACGTTCATT	24620832	362012	76		10268	0
FGC2634_s_1_1_CCTGTCTGTC-ACTGTTGTGA_FGC2634_s_1_2_CCTGTCTGTC-ACTGTTGTGA	35855880	456956	122		18504	0
FGC2634_s_1_1_CCTCTACATG-GATACCTCCT_FGC2634_s_1_2_CCTCTACATG-GATACCTCCT	32004894	388424	110		15672	0
FGC2634_s_1_1_CCTCCGTCCA-CACATCGGTG_FGC2634_s_1_2_CCTCCGTCCA-CACATCGGTG	31345206	379864	60		16120	0
FGC2634_s_1_1_CCGTATGTTC-CATACACTGT_FGC2634_s_1_2_CCGTATGTTC-CATACACTGT	20628918	231088	72		7392	0
FGC2634_s_1_1_CCATCTCGCC-TTCTATGGTT_FGC2634_s_1_2_CCATCTCGCC-TTCTATGGTT	30212860	351340	116		12854	0
FGC2634_s_1_1_CCATCATTAG-GGTTGCCTCT_FGC2634_s_1_2_CCATCATTAG-GGTTGCCTCT	23706626	282466	86		11324	0
FGC2634_s_1_1_CCACCAGGCA-CTTATGGAAT_FGC2634_s_1_2_CCACCAGGCA-CTTATGGAAT	29370400	411718	104		12468	0
FGC2634_s_1_1_CATTAGTGCG-TGACTACATA_FGC2634_s_1_2_CATTAGTGCG-TGACTACATA	40916166	473896	132		17238	0
FGC2634_s_1_1_CAGTGGCACT-TAACAATAGG_FGC2634_s_1_2_CAGTGGCACT-TAACAATAGG	47918358	598994	144		26494	0
FGC2634_s_1_1_CAGCCGCGTA-ACTAGCCGTG_FGC2634_s_1_2_CAGCCGCGTA-ACTAGCCGTG	39796074	515070	164		19536	0
FGC2634_s_1_1_CACAATAGGA-TCCATCCGAG_FGC2634_s_1_2_CACAATAGGA-TCCATCCGAG	26833792	356678	98		11746	0
FGC2634_s_1_1_CAATCGGCTG-GCTGTAGGAA_FGC2634_s_1_2_CAATCGGCTG-GCTGTAGGAA	34193476	444504	120		18358	0
FGC2634_s_1_1_ATTCCATAAG-TGCCTGGTGG_FGC2634_s_1_2_ATTCCATAAG-TGCCTGGTGG	30058328	434422	112		14980	0
FGC2634_s_1_1_ATGGTTGACT-GGCCTGTCCT_FGC2634_s_1_2_ATGGTTGACT-GGCCTGTCCT	27386112	308244	96		11916	0
FGC2634_s_1_1_AGTGTTGCAC-CTGGTACACG_FGC2634_s_1_2_AGTGTTGCAC-CTGGTACACG	38369198	548904	130		21134	0
FGC2634_s_1_1_AGTCAGACGA-ACCAGCGACA_FGC2634_s_1_2_AGTCAGACGA-ACCAGCGACA	25479734	313310	90		9282	0
FGC2634_s_1_1_AGGTCAGATA-CTACAAGATA_FGC2634_s_1_2_AGGTCAGATA-CTACAAGATA	23411176	264310	88		8130	0
FGC2634_s_1_1_AGAGGCAACC-CTAATGATGG_FGC2634_s_1_2_AGAGGCAACC-CTAATGATGG	23852586	107708	100		5052	0
FGC2634_s_1_1_ACTTCAAGCG-GAACCATGAA_FGC2634_s_1_2_ACTTCAAGCG-GAACCATGAA	31411498	365192	100		10986	0
FGC2634_s_1_1_ACTGGATCTA-TCGCCGCTAG_FGC2634_s_1_2_ACTGGATCTA-TCGCCGCTAG	36044738	454966	122		23402	0
FGC2634_s_1_1_ACTCTATTGT-ATCGCATATG_FGC2634_s_1_2_ACTCTATTGT-ATCGCATATG	34028644	427706	110		12540	0
FGC2634_s_1_1_ACTCGGCAAT-GACAACTGAA_FGC2634_s_1_2_ACTCGGCAAT-GACAACTGAA	37001560	506478	132		16552	0
FGC2634_s_1_1_ACGGTCAGGA-CGGCCTCGTT_FGC2634_s_1_2_ACGGTCAGGA-CGGCCTCGTT	31762164	385134	100		16302	0
FGC2634_s_1_1_ACGCCTTGTT-TAAGGAACGT_FGC2634_s_1_2_ACGCCTTGTT-TAAGGAACGT	40705618	487024	140		17232	0
FGC2634_s_1_1_ACCGTTACAA-CTCATAGCGA_FGC2634_s_1_2_ACCGTTACAA-CTCATAGCGA	37979198	440568	134		15506	0
FGC2634_s_1_1_ACCGGCCGTA-TGGCAATATT_FGC2634_s_1_2_ACCGGCCGTA-TGGCAATATT	50164162	648244	164		21288	0
FGC2634_s_1_1_ACCACGACAT-TCGTATGCGG_FGC2634_s_1_2_ACCACGACAT-TCGTATGCGG	44951722	623422	126		20844	0
FGC2634_s_1_1_ACATATCCAG-TATGTGCAAT_FGC2634_s_1_2_ACATATCCAG-TATGTGCAAT	34700172	414008	116		16348	0
FGC2634_s_1_1_ACAGTGTATG-GAACATACGG_FGC2634_s_1_2_ACAGTGTATG-GAACATACGG	28433204	348294	110		12298	0
FGC2634_s_1_1_AACCATAGAA-GGCGAGATGG_FGC2634_s_1_2_AACCATAGAA-GGCGAGATGG	22518764	306486	76		11062	0
FGC2634_s_1_1_AACATCGCGC-GTCCACTTGT_FGC2634_s_1_2_AACATCGCGC-GTCCACTTGT	25293982	293400	86		11278	0
