Sample	% Duplication	Reads After Filtering	GC content	% PF	% Adapter
FGC2634_s_1_1_AACATCGCGC-GTCCACTTGT_FGC2634_s_1_2_AACATCGCGC-GTCCACTTGT	15.177499999999998	25.293982	68.0157	98.80945730701028	17.026162140911122
FGC2634_s_1_1_AACCATAGAA-GGCGAGATGG_FGC2634_s_1_2_AACCATAGAA-GGCGAGATGG	16.4051	22.518763999999997	67.79039999999999	98.60913205713618	9.918337348270663
FGC2634_s_1_1_ACAGTGTATG-GAACATACGG_FGC2634_s_1_2_ACAGTGTATG-GAACATACGG	20.0744	28.433204	66.0446	98.74729743161626	11.161542306903412
FGC2634_s_1_1_ACATATCCAG-TATGTGCAAT_FGC2634_s_1_2_ACATATCCAG-TATGTGCAAT	19.1415	34.700171999999995	67.9186	98.77465383213584	8.88327580900595
FGC2634_s_1_1_ACCACGACAT-TCGTATGCGG_FGC2634_s_1_2_ACCACGACAT-TCGTATGCGG	22.6359	44.951722	67.7227	98.58673921203021	11.761844441392528
FGC2634_s_1_1_ACCGGCCGTA-TGGCAATATT_FGC2634_s_1_2_ACCGGCCGTA-TGGCAATATT	29.608600000000003	50.164162	68.0005	98.68257884341574	10.681428114309167
FGC2634_s_1_1_ACCGTTACAA-CTCATAGCGA_FGC2634_s_1_2_ACCGTTACAA-CTCATAGCGA	24.418799999999997	37.979198	67.2699	98.81305273580303	9.43965051390377
FGC2634_s_1_1_ACGCCTTGTT-TAAGGAACGT_FGC2634_s_1_2_ACGCCTTGTT-TAAGGAACGT	17.214399999999998	40.705618	67.97290000000001	98.7760353587844	9.73383314065363
FGC2634_s_1_1_ACGGTCAGGA-CGGCCTCGTT_FGC2634_s_1_2_ACGGTCAGGA-CGGCCTCGTT	16.695899999999998	31.762164	67.87140000000001	98.75158641574197	8.00343244091942
FGC2634_s_1_1_ACTCGGCAAT-GACAACTGAA_FGC2634_s_1_2_ACTCGGCAAT-GACAACTGAA	21.746199999999998	37.00156	68.1913	98.60582045084838	10.320342946178256
FGC2634_s_1_1_ACTCTATTGT-ATCGCATATG_FGC2634_s_1_2_ACTCTATTGT-ATCGCATATG	18.3442	34.028644	67.5373	98.72245786068642	9.580173489222199
FGC2634_s_1_1_ACTGGATCTA-TCGCCGCTAG_FGC2634_s_1_2_ACTGGATCTA-TCGCCGCTAG	29.370800000000003	36.044737999999995	67.63419999999999	98.6899022178434	10.664791184393668
FGC2634_s_1_1_ACTTCAAGCG-GAACCATGAA_FGC2634_s_1_2_ACTTCAAGCG-GAACCATGAA	7.71407	31.411497999999998	67.8069	98.81628082442761	7.559824254455549
FGC2634_s_1_1_AGAGGCAACC-CTAATGATGG_FGC2634_s_1_2_AGAGGCAACC-CTAATGATGG	71.68860000000001	23.852586	49.2911	99.5290719813852	18.665690594700386
FGC2634_s_1_1_AGGTCAGATA-CTACAAGATA_FGC2634_s_1_2_AGGTCAGATA-CTACAAGATA	16.5124	23.411175999999998	68.1139	98.84930161261937	14.585125704999522
FGC2634_s_1_1_AGTCAGACGA-ACCAGCGACA_FGC2634_s_1_2_AGTCAGACGA-ACCAGCGACA	18.2194	25.479734	67.8703	98.74941168299898	12.321218292116521
FGC2634_s_1_1_AGTGTTGCAC-CTGGTACACG_FGC2634_s_1_2_AGTGTTGCAC-CTGGTACACG	35.8317	38.369198	67.7975	98.53575428012876	6.824204585149126
FGC2634_s_1_1_ATGGTTGACT-GGCCTGTCCT_FGC2634_s_1_2_ATGGTTGACT-GGCCTGTCCT	13.5536	27.386111999999997	67.9272	98.84410688546403	9.251685388716414
FGC2634_s_1_1_ATTCCATAAG-TGCCTGGTGG_FGC2634_s_1_2_ATTCCATAAG-TGCCTGGTGG	21.2897	30.058328	67.6023	98.52656244909096	15.673058749943703
FGC2634_s_1_1_CAATCGGCTG-GCTGTAGGAA_FGC2634_s_1_2_CAATCGGCTG-GCTGTAGGAA	23.0695	34.193476	68.2249	98.66408159772126	9.920211696186609
FGC2634_s_1_1_CACAATAGGA-TCCATCCGAG_FGC2634_s_1_2_CACAATAGGA-TCCATCCGAG	15.5334	26.833792	65.0412	98.64525495882445	16.118172887791825
FGC2634_s_1_1_CAGCCGCGTA-ACTAGCCGTG_FGC2634_s_1_2_CAGCCGCGTA-ACTAGCCGTG	20.491999999999997	39.796074	67.0294	98.67404213013742	8.499028683852984
FGC2634_s_1_1_CAGTGGCACT-TAACAATAGG_FGC2634_s_1_2_CAGTGGCACT-TAACAATAGG	23.980999999999998	47.918358	68.1242	98.71120606278964	6.130480827801753
FGC2634_s_1_1_CATTAGTGCG-TGACTACATA_FGC2634_s_1_2_CATTAGTGCG-TGACTACATA	15.9121	40.916166	68.14959999999999	98.81358013218497	6.35597010700881
FGC2634_s_1_1_CCACCAGGCA-CTTATGGAAT_FGC2634_s_1_2_CCACCAGGCA-CTTATGGAAT	18.6234	29.3704	67.5802	98.57595430595183	11.84513079344004
FGC2634_s_1_1_CCATCATTAG-GGTTGCCTCT_FGC2634_s_1_2_CCATCATTAG-GGTTGCCTCT	10.7808	23.706626	68.3361	98.77554227824068	9.108759475114313
FGC2634_s_1_1_CCATCTCGCC-TTCTATGGTT_FGC2634_s_1_2_CCATCTCGCC-TTCTATGGTT	13.7433	30.21286	68.0374	98.80855553342576	7.198606018804226
FGC2634_s_1_1_CCGTATGTTC-CATACACTGT_FGC2634_s_1_2_CCGTATGTTC-CATACACTGT	13.8814	20.628918	67.8754	98.85682356318232	13.801337680130846
FGC2634_s_1_1_CCTCCGTCCA-CACATCGGTG_FGC2634_s_1_2_CCTCCGTCCA-CACATCGGTG	14.9003	31.345205999999997	66.5797	98.75227346119009	4.470227227976213
FGC2634_s_1_1_CCTCTACATG-GATACCTCCT_FGC2634_s_1_2_CCTCTACATG-GATACCTCCT	19.453599999999998	32.004894	66.3015	98.75280091085529	9.278178042586804
FGC2634_s_1_1_CCTGTCTGTC-ACTGTTGTGA_FGC2634_s_1_2_CCTGTCTGTC-ACTGTTGTGA	16.8048	35.85588	68.0678	98.69099129564343	7.269319357420849
FGC2634_s_1_1_CGACATCCGA-TACGTTCATT_FGC2634_s_1_2_CGACATCCGA-TACGTTCATT	12.9192	24.620832	68.1415	98.51017005113553	21.798395626840403
FGC2634_s_1_1_CGAGGCCAAG-GTGTTACCGG_FGC2634_s_1_2_CGAGGCCAAG-GTGTTACCGG	25.731399999999997	35.934114	67.9148	98.73837085557211	8.998182136022871
FGC2634_s_1_1_CGGTTACGGC-AAGACTATAG_FGC2634_s_1_2_CGGTTACGGC-AAGACTATAG	15.185599999999999	25.228782	68.1831	98.74720809417063	9.762409714157066
FGC2634_s_1_1_CGTTATTCTA-CCATAAGGTT_FGC2634_s_1_2_CGTTATTCTA-CCATAAGGTT	21.593999999999998	34.162954	67.9588	98.79972759545495	6.261758927298942
FGC2634_s_1_1_CTAGTGCTCT-TGGAACAGTA_FGC2634_s_1_2_CTAGTGCTCT-TGGAACAGTA	19.0063	38.068414	67.7601	98.81496530507971	15.479309667075993
FGC2634_s_1_1_CTATTACTAC-GAGTCTCTCC_FGC2634_s_1_2_CTATTACTAC-GAGTCTCTCC	18.874	28.567529999999998	67.8614	98.78503610305293	8.832892721586353
FGC2634_s_1_1_CTGCGAGCCA-AATCCGGCCA_FGC2634_s_1_2_CTGCGAGCCA-AATCCGGCCA	17.871000000000002	33.795432	68.011	98.69585873440322	8.25416252019888
FGC2634_s_1_1_CTTGCCATTA-ATCACGAAGG_FGC2634_s_1_2_CTTGCCATTA-ATCACGAAGG	15.8135	31.990986	67.6146	98.94119177440842	10.302135870059054
FGC2634_s_1_1_GAACTGAGCG-TCGTGGAGCG_FGC2634_s_1_2_GAACTGAGCG-TCGTGGAGCG	22.819	26.124508	66.5869	98.64464798622173	18.262354922613564
FGC2634_s_1_1_GAAGCGGCAC-CGGCTCTACT_FGC2634_s_1_2_GAAGCGGCAC-CGGCTCTACT	17.1305	47.732762	68.0246	98.60703365228409	10.70667466329702
FGC2634_s_1_1_GACACCATGT-TCAACGTGTA_FGC2634_s_1_2_GACACCATGT-TCAACGTGTA	15.739	31.707743999999998	67.97710000000001	98.7559232074618	6.996696253193445
FGC2634_s_1_1_GACTGAGTAG-GTTGATAGTG_FGC2634_s_1_2_GACTGAGTAG-GTTGATAGTG	13.7487	27.642028	67.3792	98.67184729631488	10.51389196967898
FGC2634_s_1_1_GAGAATGGTT-TCGGCAGCAA_FGC2634_s_1_2_GAGAATGGTT-TCGGCAGCAA	14.704	31.108687999999997	68.11070000000001	98.76842548552554	7.0430159555040115
FGC2634_s_1_1_GAGTCATAGG-GTGTGGCGCT_FGC2634_s_1_2_GAGTCATAGG-GTGTGGCGCT	13.3382	28.060418	68.0668	98.58430687692238	8.598159065623005
FGC2634_s_1_1_GATAGGCCGA-CGCACATGGC_FGC2634_s_1_2_GATAGGCCGA-CGCACATGGC	11.0801	21.64621	67.4994	98.79971785345522	9.711973728640348
FGC2634_s_1_1_GATCAAGGCA-CCTTGTTAAT_FGC2634_s_1_2_GATCAAGGCA-CCTTGTTAAT	17.1735	26.191252	67.7402	98.5341053162233	19.963816123607554
FGC2634_s_1_1_GCAACATGGA-CTTGTCTTAA_FGC2634_s_1_2_GCAACATGGA-CTTGTCTTAA	15.3776	32.844428	67.7258	98.61336002060393	2.0564658914331617
FGC2634_s_1_1_GCCGCACTCT-TCCGACCTCG_FGC2634_s_1_2_GCCGCACTCT-TCCGACCTCG	17.519199999999998	22.940137999999997	67.5791	98.78308922918563	20.616595683075786
FGC2634_s_1_1_GCGTGGATGG-TTGACCAATG_FGC2634_s_1_2_GCGTGGATGG-TTGACCAATG	22.0155	43.730565999999996	67.6908	98.66805045330986	9.36615047826874
FGC2634_s_1_1_GCGTTGGTAT-ACATACTTCC_FGC2634_s_1_2_GCGTTGGTAT-ACATACTTCC	9.92918	29.825806	67.7281	98.93779669341404	8.174160846052702
FGC2634_s_1_1_GGAGCGTGTA-ATCCGTAAGT_FGC2634_s_1_2_GGAGCGTGTA-ATCCGTAAGT	22.2522	32.235454	67.5379	98.88846452474233	13.132908703320071
FGC2634_s_1_1_GGCAAGCCAG-CAAGCATCCG_FGC2634_s_1_2_GGCAAGCCAG-CAAGCATCCG	16.8038	28.410462	67.9574	98.77239143435831	7.346773345140862
FGC2634_s_1_1_GGTAACTCGC-AAGTTGGTGA_FGC2634_s_1_2_GGTAACTCGC-AAGTTGGTGA	20.4972	30.071934	66.67830000000001	98.71058198668415	12.445031556468932
FGC2634_s_1_1_GGTTGCGAGG-AATAGAGCAA_FGC2634_s_1_2_GGTTGCGAGG-AATAGAGCAA	14.5901	31.735494	67.7747	98.42084376812701	8.20555621440654
FGC2634_s_1_1_GTATTCCACC-ATGTAGACAA_FGC2634_s_1_2_GTATTCCACC-ATGTAGACAA	15.02	28.955219999999997	66.8156	98.77395015567653	4.786292388047034
FGC2634_s_1_1_GTCCGTAAGC-CGTGTATCTT_FGC2634_s_1_2_GTCCGTAAGC-CGTGTATCTT	7.36353	29.119448	67.59389999999999	98.63163623637845	7.984666825365448
FGC2634_s_1_1_GTCCTGGATA-CGGTGGCGAA_FGC2634_s_1_2_GTCCTGGATA-CGGTGGCGAA	22.0696	39.250524	66.08709999999999	98.8587594920143	19.134090432720548
FGC2634_s_1_1_GTCTAATGGC-AGTGGTCAGG_FGC2634_s_1_2_GTCTAATGGC-AGTGGTCAGG	14.4436	28.54824	68.0193	98.68548362843437	8.449920165262572
FGC2634_s_1_1_GTGACACGCA-GCTTACGGAC_FGC2634_s_1_2_GTGACACGCA-GCTTACGGAC	16.0276	22.125442	67.6084	98.86413742774461	13.013164999407497
FGC2634_s_1_1_GTGCAGACAG-TACCATCCGT_FGC2634_s_1_2_GTGCAGACAG-TACCATCCGT	16.3792	32.349772	68.1344	98.85358370143183	8.533315389829944
FGC2634_s_1_1_TAAGCATCCA-TCAATCCATT_FGC2634_s_1_2_TAAGCATCCA-TCAATCCATT	15.7448	25.829715999999998	65.8596	98.63311255769509	12.507198043415238
FGC2634_s_1_1_TAGCATAACC-GCTATGCGCA_FGC2634_s_1_2_TAGCATAACC-GCTATGCGCA	15.246799999999999	31.170075999999998	67.9767	98.63205239605371	7.932598747309538
FGC2634_s_1_1_TAGTTCGGTA-CCATGTGTAG_FGC2634_s_1_2_TAGTTCGGTA-CCATGTGTAG	16.9461	31.159101999999997	68.1382	98.64822081729938	6.39568523801437
FGC2634_s_1_1_TATGCCTTAC-AGACACATTA_FGC2634_s_1_2_TATGCCTTAC-AGACACATTA	22.024	39.488088	67.8132	98.65114939774917	11.27079875025501
FGC2634_s_1_1_TATGTAGTCA-CGCACTAATG_FGC2634_s_1_2_TATGTAGTCA-CGCACTAATG	16.043499999999998	39.474343999999995	67.1541	98.78674101992955	9.569647524051561
FGC2634_s_1_1_TATTGCGCTC-CTGTGTTAGG_FGC2634_s_1_2_TATTGCGCTC-CTGTGTTAGG	11.9767	29.010002	68.0112	98.64936413841161	13.057339114323963
FGC2634_s_1_1_TCAGAAGGCG-GGCCATCATA_FGC2634_s_1_2_TCAGAAGGCG-GGCCATCATA	9.93159	27.181549999999998	67.9134	98.6551578933309	7.646746986307605
FGC2634_s_1_1_TCATAGATTG-GATTAAGGTG_FGC2634_s_1_2_TCATAGATTG-GATTAAGGTG	16.392599999999998	39.351758	68.1624	98.77058082388203	4.9184547861031005
FGC2634_s_1_1_TCCATTGCCG-GAATGCACGA_FGC2634_s_1_2_TCCATTGCCG-GAATGCACGA	16.5037	23.646777999999998	67.9846	98.77919019936816	11.052036030869758
FGC2634_s_1_1_TCTCATGATA-AACACGTGGA_FGC2634_s_1_2_TCTCATGATA-AACACGTGGA	32.4677	38.763346	68.06259999999999	98.80440674477114	9.297752475338882
FGC2634_s_1_1_TCTGGTATCC-CGTTGCTTAC_FGC2634_s_1_2_TCTGGTATCC-CGTTGCTTAC	56.3921	28.817026	68.0293	98.91835585531467	7.410195724775654
FGC2634_s_1_1_TGATGTAAGA-GTGCGTCCTT_FGC2634_s_1_2_TGATGTAAGA-GTGCGTCCTT	21.3283	36.28424	68.1461	98.78347716519758	8.413669926739429
FGC2634_s_1_1_TGATTATACG-GTCGATTACA_FGC2634_s_1_2_TGATTATACG-GTCGATTACA	15.3684	32.084102	68.0107	98.62630022212673	9.981433083171796
FGC2634_s_1_1_TGGTACCTAA-CATGAGTACT_FGC2634_s_1_2_TGGTACCTAA-CATGAGTACT	28.4947	35.466692	67.93050000000001	98.6040676595422	13.298189163539325
FGC2634_s_1_1_TGTAATCGAC-GATCACCGCG_FGC2634_s_1_2_TGTAATCGAC-GATCACCGCG	29.5842	34.142466	66.99690000000001	98.65135367677436	15.250519066854492
FGC2634_s_1_1_TGTCGCTGGT-TCGTCTGACT_FGC2634_s_1_2_TGTCGCTGGT-TCGTCTGACT	18.465899999999998	34.489647999999995	68.16640000000001	98.66302653882279	9.295965610792729
FGC2634_s_1_1_TTCACGAGAC-AGATTGTTAC_FGC2634_s_1_2_TTCACGAGAC-AGATTGTTAC	16.4558	33.593655999999996	68.2055	98.60535136023005	7.688190683345546
FGC2634_s_1_1_TTCTACATAC-CTAACTGTAA_FGC2634_s_1_2_TTCTACATAC-CTAACTGTAA	18.3201	32.681475999999996	67.8844	98.82059260407836	13.045791297673489
FGC2634_s_1_1_TTGGAATTCC-ACGTCAATAC_FGC2634_s_1_2_TTGGAATTCC-ACGTCAATAC	23.500899999999998	29.658056	66.90859999999999	98.93765485041453	8.405021131546
FGC2634_s_2_1_AACATCGCGC-GTCCACTTGT_FGC2634_s_2_2_AACATCGCGC-GTCCACTTGT	15.3522	25.848661999999997	68.0144	98.77630270141378	17.10009098589967
FGC2634_s_2_1_AACCATAGAA-GGCGAGATGG_FGC2634_s_2_2_AACCATAGAA-GGCGAGATGG	16.5701	22.88499	67.78410000000001	98.55838116980689	9.94470650606187
FGC2634_s_2_1_ACAGTGTATG-GAACATACGG_FGC2634_s_2_2_ACAGTGTATG-GAACATACGG	20.2779	28.917952	66.0359	98.70459139241834	11.232053657595191
FGC2634_s_2_1_ACATATCCAG-TATGTGCAAT_FGC2634_s_2_2_ACATATCCAG-TATGTGCAAT	19.2913	35.231345999999995	67.9172	98.74166501402846	8.956796468552247
FGC2634_s_2_1_ACCACGACAT-TCGTATGCGG_FGC2634_s_2_2_ACCACGACAT-TCGTATGCGG	22.838	45.751979999999996	67.7167	98.54302208612171	11.849273738126673
FGC2634_s_2_1_ACCGGCCGTA-TGGCAATATT_FGC2634_s_2_2_ACCGGCCGTA-TGGCAATATT	29.9529	51.16077	67.9974	98.64409599291191	10.739554275763865
FGC2634_s_2_1_ACCGTTACAA-CTCATAGCGA_FGC2634_s_2_2_ACCGTTACAA-CTCATAGCGA	24.701600000000003	38.666778	67.26480000000001	98.77359817932853	9.487786458362603
FGC2634_s_2_1_ACGCCTTGTT-TAAGGAACGT_FGC2634_s_2_2_ACGCCTTGTT-TAAGGAACGT	17.3294	41.339476	67.9673	98.73835904416617	9.812615435060005
FGC2634_s_2_1_ACGGTCAGGA-CGGCCTCGTT_FGC2634_s_2_2_ACGGTCAGGA-CGGCCTCGTT	16.878	32.375237999999996	67.8634	98.71398650584389	8.054191034232021
FGC2634_s_2_1_ACTCGGCAAT-GACAACTGAA_FGC2634_s_2_2_ACTCGGCAAT-GACAACTGAA	21.9937	37.646208	68.1901	98.56381331510535	10.407648631136693
FGC2634_s_2_1_ACTCTATTGT-ATCGCATATG_FGC2634_s_2_2_ACTCTATTGT-ATCGCATATG	18.5289	34.624767999999996	67.52669999999999	98.68111555979486	9.641840868146554
FGC2634_s_2_1_ACTGGATCTA-TCGCCGCTAG_FGC2634_s_2_2_ACTGGATCTA-TCGCCGCTAG	29.7755	36.79462	67.6282	98.63973608296772	10.73751329217346
FGC2634_s_2_1_ACTTCAAGCG-GAACCATGAA_FGC2634_s_2_2_ACTTCAAGCG-GAACCATGAA	7.74604	31.882934	67.80199999999999	98.7762231696046	7.633546919840992
FGC2634_s_2_1_AGAGGCAACC-CTAATGATGG_FGC2634_s_2_2_AGAGGCAACC-CTAATGATGG	72.1777	24.258726	49.2978	99.51531935429297	18.727789401726454
FGC2634_s_2_1_AGGTCAGATA-CTACAAGATA_FGC2634_s_2_2_AGGTCAGATA-CTACAAGATA	16.6718	23.771506	68.1087	98.81243868779409	14.65361721231066
FGC2634_s_2_1_AGTCAGACGA-ACCAGCGACA_FGC2634_s_2_2_AGTCAGACGA-ACCAGCGACA	18.4726	26.035709999999998	67.869	98.70867476024134	12.411794915695953
FGC2634_s_2_1_AGTGTTGCAC-CTGGTACACG_FGC2634_s_2_2_AGTGTTGCAC-CTGGTACACG	36.2304	39.037645999999995	67.7966	98.49659994667137	6.866338513261611
FGC2634_s_2_1_ATGGTTGACT-GGCCTGTCCT_FGC2634_s_2_2_ATGGTTGACT-GGCCTGTCCT	13.681099999999999	27.828353999999997	67.9242	98.81489678470045	9.2979913716674
FGC2634_s_2_1_ATTCCATAAG-TGCCTGGTGG_FGC2634_s_2_2_ATTCCATAAG-TGCCTGGTGG	21.5177	30.568496	67.6005	98.49489686268168	15.759127562290212
FGC2634_s_2_1_CAATCGGCTG-GCTGTAGGAA_FGC2634_s_2_2_CAATCGGCTG-GCTGTAGGAA	23.342299999999998	34.824642	68.2217	98.6289793697491	9.987376493723989
FGC2634_s_2_1_CACAATAGGA-TCCATCCGAG_FGC2634_s_2_2_CACAATAGGA-TCCATCCGAG	15.7199	27.29603	65.03370000000001	98.59582021511174	16.238015885554997
FGC2634_s_2_1_CAGCCGCGTA-ACTAGCCGTG_FGC2634_s_2_2_CAGCCGCGTA-ACTAGCCGTG	20.7062	40.586188	67.02709999999999	98.63071955765739	8.548813134267364
FGC2634_s_2_1_CAGTGGCACT-TAACAATAGG_FGC2634_s_2_2_CAGTGGCACT-TAACAATAGG	24.218999999999998	48.692263999999994	68.1195	98.67155236672644	6.1763209660470535
FGC2634_s_2_1_CATTAGTGCG-TGACTACATA_FGC2634_s_2_2_CATTAGTGCG-TGACTACATA	16.0992	41.690878	68.1485	98.77458597877725	6.405798583409412
FGC2634_s_2_1_CCACCAGGCA-CTTATGGAAT_FGC2634_s_2_2_CCACCAGGCA-CTTATGGAAT	18.843	29.906474	67.5776	98.53659041256083	11.92550612132309
FGC2634_s_2_1_CCATCATTAG-GGTTGCCTCT_FGC2634_s_2_2_CCATCATTAG-GGTTGCCTCT	10.8471	24.101333999999998	68.3335	98.7398299507459	9.156919959778651
FGC2634_s_2_1_CCATCTCGCC-TTCTATGGTT_FGC2634_s_2_2_CCATCTCGCC-TTCTATGGTT	13.8118	30.70561	68.03439999999999	98.78381062504701	7.268741897266493
FGC2634_s_2_1_CCGTATGTTC-CATACACTGT_FGC2634_s_2_2_CCGTATGTTC-CATACACTGT	14.014	20.972928	67.8666	98.82095774813531	13.858305158921214
FGC2634_s_2_1_CCTCCGTCCA-CACATCGGTG_FGC2634_s_2_2_CCTCCGTCCA-CACATCGGTG	15.0009	31.850275999999997	66.5681	98.71085056217899	4.516374330120191
FGC2634_s_2_1_CCTCTACATG-GATACCTCCT_FGC2634_s_2_2_CCTCTACATG-GATACCTCCT	19.6543	32.506516	66.2997	98.71269825507896	9.326139986632425
FGC2634_s_2_1_CCTGTCTGTC-ACTGTTGTGA_FGC2634_s_2_2_CCTGTCTGTC-ACTGTTGTGA	16.944300000000002	36.473302	68.0663	98.65421541565856	7.312523244664377
FGC2634_s_2_1_CGACATCCGA-TACGTTCATT_FGC2634_s_2_2_CGACATCCGA-TACGTTCATT	13.0806	25.114545999999997	68.1415	98.47324694454909	21.890769139561563
FGC2634_s_2_1_CGAGGCCAAG-GTGTTACCGG_FGC2634_s_2_2_CGAGGCCAAG-GTGTTACCGG	26.0208	36.573414	67.9122	98.69929867700232	9.027452251620911
FGC2634_s_2_1_CGGTTACGGC-AAGACTATAG_FGC2634_s_2_2_CGGTTACGGC-AAGACTATAG	15.3698	25.739016	68.1849	98.70406653291896	9.807617116046826
FGC2634_s_2_1_CGTTATTCTA-CCATAAGGTT_FGC2634_s_2_2_CGTTATTCTA-CCATAAGGTT	21.7688	34.722588	67.9559	98.75799462036582	6.294903523019876
FGC2634_s_2_1_CTAGTGCTCT-TGGAACAGTA_FGC2634_s_2_2_CTAGTGCTCT-TGGAACAGTA	19.2028	38.72477	67.7598	98.77880863759174	15.554542041122838
FGC2634_s_2_1_CTATTACTAC-GAGTCTCTCC_FGC2634_s_2_2_CTATTACTAC-GAGTCTCTCC	19.0911	29.118394	67.8529	98.74855082239495	8.876424361932857
FGC2634_s_2_1_CTGCGAGCCA-AATCCGGCCA_FGC2634_s_2_2_CTGCGAGCCA-AATCCGGCCA	18.0369	34.538826	67.9982	98.66510206414752	8.32549232388552
FGC2634_s_2_1_CTTGCCATTA-ATCACGAAGG_FGC2634_s_2_2_CTTGCCATTA-ATCACGAAGG	15.9167	32.550736	67.6096	98.90285036735122	10.365033507102675
FGC2634_s_2_1_GAACTGAGCG-TCGTGGAGCG_FGC2634_s_2_2_GAACTGAGCG-TCGTGGAGCG	23.1055	26.670469999999998	66.5812	98.60758341437105	18.363107467653254
FGC2634_s_2_1_GAAGCGGCAC-CGGCTCTACT_FGC2634_s_2_2_GAAGCGGCAC-CGGCTCTACT	17.3399	48.771527999999996	68.02430000000001	98.5658900111885	10.776857171162298
FGC2634_s_2_1_GACACCATGT-TCAACGTGTA_FGC2634_s_2_2_GACACCATGT-TCAACGTGTA	15.8816	32.21926	67.9714	98.71476067125863	7.039467754061385
FGC2634_s_2_1_GACTGAGTAG-GTTGATAGTG_FGC2634_s_2_2_GACTGAGTAG-GTTGATAGTG	13.858	28.092146	67.3775	98.63375474478491	10.572541182327894
FGC2634_s_2_1_GAGAATGGTT-TCGGCAGCAA_FGC2634_s_2_2_GAGAATGGTT-TCGGCAGCAA	14.804300000000001	31.610031999999997	68.1128	98.72803069292391	7.083105930103624
FGC2634_s_2_1_GAGTCATAGG-GTGTGGCGCT_FGC2634_s_2_2_GAGTCATAGG-GTGTGGCGCT	13.470099999999999	28.591435999999998	68.0601	98.54607209363661	8.649980415856636
FGC2634_s_2_1_GATAGGCCGA-CGCACATGGC_FGC2634_s_2_2_GATAGGCCGA-CGCACATGGC	11.2274	22.157612	67.4899	98.78203250065134	9.752763297200298
FGC2634_s_2_1_GATCAAGGCA-CCTTGTTAAT_FGC2634_s_2_2_GATCAAGGCA-CCTTGTTAAT	17.401	26.718954	67.7375	98.49904000227677	20.063764404666117
FGC2634_s_2_1_GCAACATGGA-CTTGTCTTAA_FGC2634_s_2_2_GCAACATGGA-CTTGTCTTAA	15.510499999999999	33.34572	67.7209	98.56713759527509	2.0827973272846627
FGC2634_s_2_1_GCCGCACTCT-TCCGACCTCG_FGC2634_s_2_2_GCCGCACTCT-TCCGACCTCG	17.741100000000003	23.45269	67.5762	98.74593156584494	20.69921110839679
FGC2634_s_2_1_GCGTGGATGG-TTGACCAATG_FGC2634_s_2_2_GCGTGGATGG-TTGACCAATG	22.297	44.552876	67.69030000000001	98.62821546520756	9.426012870737903
FGC2634_s_2_1_GCGTTGGTAT-ACATACTTCC_FGC2634_s_2_2_GCGTTGGTAT-ACATACTTCC	9.88213	30.300658	67.7169	98.91281830710503	8.254640591594187
FGC2634_s_2_1_GGAGCGTGTA-ATCCGTAAGT_FGC2634_s_2_2_GGAGCGTGTA-ATCCGTAAGT	22.5096	32.878582	67.5338	98.8592390589253	13.192859361014634
FGC2634_s_2_1_GGCAAGCCAG-CAAGCATCCG_FGC2634_s_2_2_GGCAAGCCAG-CAAGCATCCG	17.005300000000002	28.962294	67.9568	98.73312525111714	7.387939108577313
FGC2634_s_2_1_GGTAACTCGC-AAGTTGGTGA_FGC2634_s_2_2_GGTAACTCGC-AAGTTGGTGA	20.7604	30.762045999999998	66.6709	98.67655821606701	12.516731557051017
FGC2634_s_2_1_GGTTGCGAGG-AATAGAGCAA_FGC2634_s_2_2_GGTTGCGAGG-AATAGAGCAA	14.7255	32.301882	67.76950000000001	98.37164518178477	8.249172614759065
FGC2634_s_2_1_GTATTCCACC-ATGTAGACAA_FGC2634_s_2_2_GTATTCCACC-ATGTAGACAA	15.104600000000001	29.390182	66.8095	98.73127569088453	4.8375472413967096
FGC2634_s_2_1_GTCCGTAAGC-CGTGTATCTT_FGC2634_s_2_2_GTCCGTAAGC-CGTGTATCTT	7.38528	29.526235999999997	67.5927	98.5890584716661	8.053752811966131
FGC2634_s_2_1_GTCCTGGATA-CGGTGGCGAA_FGC2634_s_2_2_GTCCTGGATA-CGGTGGCGAA	22.256600000000002	39.989965999999995	66.08070000000001	98.81743671848537	19.235553194763774
FGC2634_s_2_1_GTCTAATGGC-AGTGGTCAGG_FGC2634_s_2_2_GTCTAATGGC-AGTGGTCAGG	14.6228	29.139937999999997	68.0183	98.64519306774001	8.520227554700975
FGC2634_s_2_1_GTGACACGCA-GCTTACGGAC_FGC2634_s_2_2_GTGACACGCA-GCTTACGGAC	16.1966	22.65402	67.60310000000001	98.84582525762985	13.09185489128016
FGC2634_s_2_1_GTGCAGACAG-TACCATCCGT_FGC2634_s_2_2_GTGCAGACAG-TACCATCCGT	16.5351	33.041954	68.132	98.82048102032213	8.597316058078363
FGC2634_s_2_1_TAAGCATCCA-TCAATCCATT_FGC2634_s_2_2_TAAGCATCCA-TCAATCCATT	15.913499999999999	26.315341999999998	65.8581	98.59238947829999	12.556224843625474
FGC2634_s_2_1_TAGCATAACC-GCTATGCGCA_FGC2634_s_2_2_TAGCATAACC-GCTATGCGCA	15.4337	31.786042	67.9702	98.59355025457302	7.972673499573846
FGC2634_s_2_1_TAGTTCGGTA-CCATGTGTAG_FGC2634_s_2_2_TAGTTCGGTA-CCATGTGTAG	17.171	31.743698	68.1352	98.60188012563658	6.439648670306332
FGC2634_s_2_1_TATGCCTTAC-AGACACATTA_FGC2634_s_2_2_TATGCCTTAC-AGACACATTA	22.2885	40.17896	67.80810000000001	98.6180596480437	11.322554445671408
FGC2634_s_2_1_TATGTAGTCA-CGCACTAATG_FGC2634_s_2_2_TATGTAGTCA-CGCACTAATG	16.2283	40.20878	67.1484	98.74238996249836	9.633473138725602
FGC2634_s_2_1_TATTGCGCTC-CTGTGTTAGG_FGC2634_s_2_2_TATTGCGCTC-CTGTGTTAGG	12.1281	29.575934	68.00500000000001	98.61306562017974	13.103903847111798
FGC2634_s_2_1_TCAGAAGGCG-GGCCATCATA_FGC2634_s_2_2_TCAGAAGGCG-GGCCATCATA	9.99832	27.637909999999998	67.9068	98.61244931457738	7.699816989426833
FGC2634_s_2_1_TCATAGATTG-GATTAAGGTG_FGC2634_s_2_2_TCATAGATTG-GATTAAGGTG	16.4832	39.902256	68.15830000000001	98.7374006817296	4.960979403800368
FGC2634_s_2_1_TCCATTGCCG-GAATGCACGA_FGC2634_s_2_2_TCCATTGCCG-GAATGCACGA	16.6906	24.091576	67.9803	98.74263638790029	11.133071610738298
FGC2634_s_2_1_TCTCATGATA-AACACGTGGA_FGC2634_s_2_2_TCTCATGATA-AACACGTGGA	32.8129	39.421624	68.0568	98.76104834317003	9.347886768483725
FGC2634_s_2_1_TCTGGTATCC-CGTTGCTTAC_FGC2634_s_2_2_TCTGGTATCC-CGTTGCTTAC	56.6925	29.321474	68.02420000000001	98.88736398359254	7.4628349582039775
FGC2634_s_2_1_TGATGTAAGA-GTGCGTCCTT_FGC2634_s_2_2_TGATGTAAGA-GTGCGTCCTT	21.5675	36.913993999999995	68.1421	98.73834025300707	8.43900259762603
FGC2634_s_2_1_TGATTATACG-GTCGATTACA_FGC2634_s_2_2_TGATTATACG-GTCGATTACA	15.5108	32.649048	68.00540000000001	98.5899147518125	10.038376601627032
FGC2634_s_2_1_TGGTACCTAA-CATGAGTACT_FGC2634_s_2_2_TGGTACCTAA-CATGAGTACT	28.827	36.086326	67.9284	98.56832212205961	13.354917322831419
FGC2634_s_2_1_TGTAATCGAC-GATCACCGCG_FGC2634_s_2_2_TGTAATCGAC-GATCACCGCG	29.9966	34.830268	66.996	98.61485558088687	15.316227350255923
FGC2634_s_2_1_TGTCGCTGGT-TCGTCTGACT_FGC2634_s_2_2_TGTCGCTGGT-TCGTCTGACT	18.6624	35.065666	68.1627	98.62896390054406	9.360547678639215
FGC2634_s_2_1_TTCACGAGAC-AGATTGTTAC_FGC2634_s_2_2_TTCACGAGAC-AGATTGTTAC	16.6803	34.242798	68.2033	98.57672482793951	7.734784872150333
FGC2634_s_2_1_TTCTACATAC-CTAACTGTAA_FGC2634_s_2_2_TTCTACATAC-CTAACTGTAA	18.4787	33.224751999999995	67.8772	98.7823384125921	13.10581006819704
FGC2634_s_2_1_TTGGAATTCC-ACGTCAATAC_FGC2634_s_2_2_TTGGAATTCC-ACGTCAATAC	23.7663	30.258229999999998	66.9018	98.91142039355057	8.449922265328244
FGC2639_s_1_1_AACATCGCGC-GTCCACTTGT_FGC2639_s_1_2_AACATCGCGC-GTCCACTTGT	17.9889	8.911742	68.2277	98.92673814493232	15.960035637746262
FGC2639_s_1_1_AACCATAGAA-GGCGAGATGG_FGC2639_s_1_2_AACCATAGAA-GGCGAGATGG	18.3969	7.822106	68.0413	98.82960147774911	9.159517558378418
FGC2639_s_1_1_ACAGTGTATG-GAACATACGG_FGC2639_s_1_2_ACAGTGTATG-GAACATACGG	18.9453	9.75654	66.4089	98.81929831242672	10.278319540991737
FGC2639_s_1_1_ACATATCCAG-TATGTGCAAT_FGC2639_s_1_2_ACATATCCAG-TATGTGCAAT	19.7688	12.740929999999999	68.1435	98.939252937365	7.732726343130452
FGC2639_s_1_1_ACCACGACAT-TCGTATGCGG_FGC2639_s_1_2_ACCACGACAT-TCGTATGCGG	24.110300000000002	15.976108	67.9691	98.84300760360905	10.808028700410082
FGC2639_s_1_1_ACCGGCCGTA-TGGCAATATT_FGC2639_s_1_2_ACCGGCCGTA-TGGCAATATT	25.6002	17.181804	68.23599999999999	98.84237699816958	9.821162404675732
FGC2639_s_1_1_ACCGTTACAA-CTCATAGCGA_FGC2639_s_1_2_ACCGTTACAA-CTCATAGCGA	23.3324	13.510008	67.5381	98.97815917436878	8.671009101882534
FGC2639_s_1_1_ACGCCTTGTT-TAAGGAACGT_FGC2639_s_1_2_ACGCCTTGTT-TAAGGAACGT	19.7748	14.211786	68.1673	98.84934623652504	8.829677619133271
FGC2639_s_1_1_ACGGTCAGGA-CGGCCTCGTT_FGC2639_s_1_2_ACGGTCAGGA-CGGCCTCGTT	17.5411	10.967597999999999	68.0586	98.89157666794584	7.31563005837053
FGC2639_s_1_1_ACTCGGCAAT-GACAACTGAA_FGC2639_s_1_2_ACTCGGCAAT-GACAACTGAA	21.502499999999998	12.309752	68.4196	98.70926416735013	9.518154370607109
FGC2639_s_1_1_ACTCTATTGT-ATCGCATATG_FGC2639_s_1_2_ACTCTATTGT-ATCGCATATG	19.6386	12.195905999999999	67.7935	98.80442163726573	8.753413339931146
FGC2639_s_1_1_ACTGGATCTA-TCGCCGCTAG_FGC2639_s_1_2_ACTGGATCTA-TCGCCGCTAG	23.908099999999997	12.592773999999999	67.8967	98.81769757616468	9.822418436466135
FGC2639_s_1_1_ACTTCAAGCG-GAACCATGAA_FGC2639_s_1_2_ACTTCAAGCG-GAACCATGAA	13.5214	11.504646	68.0477	98.97527116445474	6.5419634510629
FGC2639_s_1_1_AGAGGCAACC-CTAATGATGG_FGC2639_s_1_2_AGAGGCAACC-CTAATGATGG	65.8429	7.113385999999999	49.5038	99.76043648186908	18.717424999312808
FGC2639_s_1_1_AGGTCAGATA-CTACAAGATA_FGC2639_s_1_2_AGGTCAGATA-CTACAAGATA	18.5454	7.963524	68.3464	98.962004967782	13.36449671258493
FGC2639_s_1_1_AGTCAGACGA-ACCAGCGACA_FGC2639_s_1_2_AGTCAGACGA-ACCAGCGACA	20.0042	8.764842	68.07849999999999	98.86200059690489	11.379181915451106
FGC2639_s_1_1_AGTGTTGCAC-CTGGTACACG_FGC2639_s_1_2_AGTGTTGCAC-CTGGTACACG	26.852700000000002	13.155126	68.01509999999999	98.70873256650151	6.213030538411022
FGC2639_s_1_1_ATGGTTGACT-GGCCTGTCCT_FGC2639_s_1_2_ATGGTTGACT-GGCCTGTCCT	17.0707	9.455508	68.1249	98.8981114456464	8.493275394321305
FGC2639_s_1_1_ATTCCATAAG-TGCCTGGTGG_FGC2639_s_1_2_ATTCCATAAG-TGCCTGGTGG	20.522399999999998	10.310744	67.8452	98.67184457099984	14.506776859820489
FGC2639_s_1_1_CAATCGGCTG-GCTGTAGGAA_FGC2639_s_1_2_CAATCGGCTG-GCTGTAGGAA	20.9456	11.687021999999999	68.4448	98.87572748015849	9.137548424649596
FGC2639_s_1_1_CACAATAGGA-TCCATCCGAG_FGC2639_s_1_2_CACAATAGGA-TCCATCCGAG	17.6656	9.192544	65.5118	98.79482178971834	15.144268229693395
FGC2639_s_1_1_CAGCCGCGTA-ACTAGCCGTG_FGC2639_s_1_2_CAGCCGCGTA-ACTAGCCGTG	21.9582	13.49033	67.3245	98.8679348715899	7.8479432234907405
FGC2639_s_1_1_CAGTGGCACT-TAACAATAGG_FGC2639_s_1_2_CAGTGGCACT-TAACAATAGG	22.469	16.122038	68.3496	98.87068625367085	5.508240860247761
FGC2639_s_1_1_CATTAGTGCG-TGACTACATA_FGC2639_s_1_2_CATTAGTGCG-TGACTACATA	18.1446	14.871288	68.374	98.93467164982795	5.786864343240446
FGC2639_s_1_1_CCACCAGGCA-CTTATGGAAT_FGC2639_s_1_2_CCACCAGGCA-CTTATGGAAT	19.0612	10.314354	67.84609999999999	98.78180944748443	11.034451583442769
FGC2639_s_1_1_CCATCATTAG-GGTTGCCTCT_FGC2639_s_1_2_CCATCATTAG-GGTTGCCTCT	14.7951	8.38524	68.5566	98.87669385609485	8.347029456510947
FGC2639_s_1_1_CCATCTCGCC-TTCTATGGTT_FGC2639_s_1_2_CCATCTCGCC-TTCTATGGTT	17.086100000000002	11.017166	68.2532	98.96258377828548	6.5498643720125065
FGC2639_s_1_1_CCGTATGTTC-CATACACTGT_FGC2639_s_1_2_CCGTATGTTC-CATACACTGT	15.6716	7.06063	68.0886	98.90328010215545	12.668883994282613
FGC2639_s_1_1_CCTCCGTCCA-CACATCGGTG_FGC2639_s_1_2_CCTCCGTCCA-CACATCGGTG	19.1113	11.799404	66.9115	98.99177655588535	3.8927546104812416
FGC2639_s_1_1_CCTCTACATG-GATACCTCCT_FGC2639_s_1_2_CCTCTACATG-GATACCTCCT	19.1724	11.323594	66.64670000000001	98.8575450462248	8.56821135809505
FGC2639_s_1_1_CCTGTCTGTC-ACTGTTGTGA_FGC2639_s_1_2_CCTGTCTGTC-ACTGTTGTGA	18.769099999999998	11.956576	68.2776	98.84166717920331	6.61575689758592
FGC2639_s_1_1_CGACATCCGA-TACGTTCATT_FGC2639_s_1_2_CGACATCCGA-TACGTTCATT	16.248	8.21851	68.3856	98.66449837534218	20.282303655065924
FGC2639_s_1_1_CGAGGCCAAG-GTGTTACCGG_FGC2639_s_1_2_CGAGGCCAAG-GTGTTACCGG	21.5653	12.405672	68.0821	98.87075865030435	8.220580549122596
FGC2639_s_1_1_CGGTTACGGC-AAGACTATAG_FGC2639_s_1_2_CGGTTACGGC-AAGACTATAG	16.2297	8.307022	68.3888	98.84463810607178	8.969124667425026
FGC2639_s_1_1_CGTTATTCTA-CCATAAGGTT_FGC2639_s_1_2_CGTTATTCTA-CCATAAGGTT	20.5751	12.247665999999999	68.1829	98.90582048523964	5.703746055126478
FGC2639_s_1_1_CTAGTGCTCT-TGGAACAGTA_FGC2639_s_1_2_CTAGTGCTCT-TGGAACAGTA	20.6056	12.820122	67.97710000000001	98.90756782278896	14.228574602753339
FGC2639_s_1_1_CTATTACTAC-GAGTCTCTCC_FGC2639_s_1_2_CTATTACTAC-GAGTCTCTCC	18.932	10.326421999999999	68.1109	98.92143070217168	8.2333446434692
FGC2639_s_1_1_CTGCGAGCCA-AATCCGGCCA_FGC2639_s_1_2_CTGCGAGCCA-AATCCGGCCA	15.3064	12.452304	68.2418	98.80111753935682	7.506781501251567
FGC2639_s_1_1_CTTGCCATTA-ATCACGAAGG_FGC2639_s_1_2_CTTGCCATTA-ATCACGAAGG	18.886400000000002	11.169404	67.86280000000001	99.05473505124871	9.429928648406277
FGC2639_s_1_1_GAACTGAGCG-TCGTGGAGCG_FGC2639_s_1_2_GAACTGAGCG-TCGTGGAGCG	22.380300000000002	9.033871999999999	66.8404	98.86648851331104	17.22737403865369
FGC2639_s_1_1_GAAGCGGCAC-CGGCTCTACT_FGC2639_s_1_2_GAAGCGGCAC-CGGCTCTACT	19.1515	16.429234	68.2319	98.77831441346815	9.816617295247898
FGC2639_s_1_1_GACACCATGT-TCAACGTGTA_FGC2639_s_1_2_GACACCATGT-TCAACGTGTA	17.777	11.15362	68.18560000000001	98.90551124824711	6.306562906633529
FGC2639_s_1_1_GACTGAGTAG-GTTGATAGTG_FGC2639_s_1_2_GACTGAGTAG-GTTGATAGTG	17.1566	9.822562	67.6513	98.83839830179144	9.568281431217262
FGC2639_s_1_1_GAGAATGGTT-TCGGCAGCAA_FGC2639_s_1_2_GAGAATGGTT-TCGGCAGCAA	18.9329	10.637936	68.3226	98.90863271706755	6.378761907135039
FGC2639_s_1_1_GAGTCATAGG-GTGTGGCGCT_FGC2639_s_1_2_GAGTCATAGG-GTGTGGCGCT	15.876199999999999	9.852678	68.2749	98.70009737098344	7.761929948990427
FGC2639_s_1_1_GATAGGCCGA-CGCACATGGC_FGC2639_s_1_2_GATAGGCCGA-CGCACATGGC	13.891899999999998	8.272306	67.7353	98.89673014457372	9.0319549433983
FGC2639_s_1_1_GATCAAGGCA-CCTTGTTAAT_FGC2639_s_1_2_GATCAAGGCA-CCTTGTTAAT	18.7973	9.274849999999999	67.9818	98.75034869285429	18.88818617962526
FGC2639_s_1_1_GCAACATGGA-CTTGTCTTAA_FGC2639_s_1_2_GCAACATGGA-CTTGTCTTAA	17.765800000000002	12.04572	68.0157	98.86784412366138	1.8136260883225712
FGC2639_s_1_1_GCCGCACTCT-TCCGACCTCG_FGC2639_s_1_2_GCCGCACTCT-TCCGACCTCG	18.4911	7.707064	67.76950000000001	98.91529060858004	19.30027029177651
FGC2639_s_1_1_GCGTGGATGG-TTGACCAATG_FGC2639_s_1_2_GCGTGGATGG-TTGACCAATG	20.9628	14.924214	67.9213	98.81390583839854	8.65150879731747
FGC2639_s_1_1_GCGTTGGTAT-ACATACTTCC_FGC2639_s_1_2_GCGTTGGTAT-ACATACTTCC	12.3417	11.36594	67.93639999999999	98.9421680584164	6.878980536860286
FGC2639_s_1_1_GGAGCGTGTA-ATCCGTAAGT_FGC2639_s_1_2_GGAGCGTGTA-ATCCGTAAGT	20.6904	11.22358	67.72399999999999	98.98829541315312	12.14657589460139
FGC2639_s_1_1_GGCAAGCCAG-CAAGCATCCG_FGC2639_s_1_2_GGCAAGCCAG-CAAGCATCCG	17.8696	9.896442	68.13329999999999	98.94257347977566	6.580886940163612
FGC2639_s_1_1_GGTAACTCGC-AAGTTGGTGA_FGC2639_s_1_2_GGTAACTCGC-AAGTTGGTGA	21.3615	10.117878	66.95689999999999	98.90789430980462	11.590369746762237
FGC2639_s_1_1_GGTTGCGAGG-AATAGAGCAA_FGC2639_s_1_2_GGTTGCGAGG-AATAGAGCAA	17.5179	10.845274	68.0095	98.64666920136874	7.504743470565015
FGC2639_s_1_1_GTATTCCACC-ATGTAGACAA_FGC2639_s_1_2_GTATTCCACC-ATGTAGACAA	18.5716	10.243398	67.1326	98.9952799554669	4.262768474277497
FGC2639_s_1_1_GTCCGTAAGC-CGTGTATCTT_FGC2639_s_1_2_GTCCGTAAGC-CGTGTATCTT	13.541500000000001	10.802897999999999	67.864	98.86373807112582	6.955449490613118
FGC2639_s_1_1_GTCCTGGATA-CGGTGGCGAA_FGC2639_s_1_2_GTCCTGGATA-CGGTGGCGAA	24.4391	13.645275999999999	66.3698	99.01769467377576	17.80842753067273
FGC2639_s_1_1_GTCTAATGGC-AGTGGTCAGG_FGC2639_s_1_2_GTCTAATGGC-AGTGGTCAGG	16.924500000000002	9.743872	68.2265	98.85585827065312	7.696269095998781
FGC2639_s_1_1_GTGACACGCA-GCTTACGGAC_FGC2639_s_1_2_GTGACACGCA-GCTTACGGAC	17.078699999999998	8.031054	67.8047	98.96586236751959	12.217365083363175
FGC2639_s_1_1_GTGCAGACAG-TACCATCCGT_FGC2639_s_1_2_GTGCAGACAG-TACCATCCGT	18.7822	11.113743999999999	68.3151	98.93858900387181	7.799200425319319
FGC2639_s_1_1_TAAGCATCCA-TCAATCCATT_FGC2639_s_1_2_TAAGCATCCA-TCAATCCATT	17.4902	8.650428	66.26769999999999	98.78988944073986	11.659211158936502
FGC2639_s_1_1_TAGCATAACC-GCTATGCGCA_FGC2639_s_1_2_TAGCATAACC-GCTATGCGCA	16.3158	10.708328	68.2026	98.8622511024262	7.34486727863123
FGC2639_s_1_1_TAGTTCGGTA-CCATGTGTAG_FGC2639_s_1_2_TAGTTCGGTA-CCATGTGTAG	16.9326	10.391138	68.3835	98.77515115981078	5.847951215172027
FGC2639_s_1_1_TATGCCTTAC-AGACACATTA_FGC2639_s_1_2_TATGCCTTAC-AGACACATTA	19.8912	13.088972	68.0451	98.75289963246551	10.398704839634274
FGC2639_s_1_1_TATGTAGTCA-CGCACTAATG_FGC2639_s_1_2_TATGTAGTCA-CGCACTAATG	17.2614	13.799501999999999	67.4702	98.90142354386049	8.895572381827167
FGC2639_s_1_1_TATTGCGCTC-CTGTGTTAGG_FGC2639_s_1_2_TATTGCGCTC-CTGTGTTAGG	16.4462	9.74076	68.24369999999999	98.78281483500703	12.162582610064272
FGC2639_s_1_1_TCAGAAGGCG-GGCCATCATA_FGC2639_s_1_2_TCAGAAGGCG-GGCCATCATA	14.875399999999999	9.990511999999999	68.1571	98.88412166696426	6.79573270071854
FGC2639_s_1_1_TCATAGATTG-GATTAAGGTG_FGC2639_s_1_2_TCATAGATTG-GATTAAGGTG	19.2052	14.189966	68.39030000000001	98.9618258898147	4.344692606676082
FGC2639_s_1_1_TCCATTGCCG-GAATGCACGA_FGC2639_s_1_2_TCCATTGCCG-GAATGCACGA	17.5889	8.219954	68.1934	98.89465951412853	10.168112237163713
FGC2639_s_1_1_TCTCATGATA-AACACGTGGA_FGC2639_s_1_2_TCTCATGATA-AACACGTGGA	26.727800000000002	13.463446	68.27640000000001	98.9304868632484	8.511840256254025
FGC2639_s_1_1_TCTGGTATCC-CGTTGCTTAC_FGC2639_s_1_2_TCTGGTATCC-CGTTGCTTAC	40.8939	10.639248	68.2218	99.01150866793492	6.615571628070853
FGC2639_s_1_1_TGATGTAAGA-GTGCGTCCTT_FGC2639_s_1_2_TGATGTAAGA-GTGCGTCCTT	20.6259	12.51407	68.3627	98.96896959754162	7.763144554151003
FGC2639_s_1_1_TGATTATACG-GTCGATTACA_FGC2639_s_1_2_TGATTATACG-GTCGATTACA	17.4246	10.888776	68.2708	98.8262406719415	9.267258553242655
FGC2639_s_1_1_TGGTACCTAA-CATGAGTACT_FGC2639_s_1_2_TGGTACCTAA-CATGAGTACT	22.4414	11.89087	68.15820000000001	98.67660209534267	12.403977844947828
FGC2639_s_1_1_TGTAATCGAC-GATCACCGCG_FGC2639_s_1_2_TGTAATCGAC-GATCACCGCG	23.643700000000003	11.654562	67.2602	98.81502302548633	14.34157893942526
FGC2639_s_1_1_TGTCGCTGGT-TCGTCTGACT_FGC2639_s_1_2_TGTCGCTGGT-TCGTCTGACT	20.1536	11.741386	68.3591	98.80603551144348	8.45535083446742
FGC2639_s_1_1_TTCACGAGAC-AGATTGTTAC_FGC2639_s_1_2_TTCACGAGAC-AGATTGTTAC	17.111	11.989022	68.4433	98.72384695715529	6.964642121976635
FGC2639_s_1_1_TTCTACATAC-CTAACTGTAA_FGC2639_s_1_2_TTCTACATAC-CTAACTGTAA	20.630100000000002	11.086383999999999	68.1144	98.98818754495655	12.033121589642013
FGC2639_s_1_1_TTGGAATTCC-ACGTCAATAC_FGC2639_s_1_2_TTGGAATTCC-ACGTCAATAC	20.192	10.855141999999999	67.1623	98.95296281623285	7.761639423584427
FGC2639_s_2_1_AACATCGCGC-GTCCACTTGT_FGC2639_s_2_2_AACATCGCGC-GTCCACTTGT	17.6423	8.476393999999999	68.21249999999999	98.89950825567159	15.991876522772783
FGC2639_s_2_1_AACCATAGAA-GGCGAGATGG_FGC2639_s_2_2_AACCATAGAA-GGCGAGATGG	18.121100000000002	7.483986	68.0295	98.78459348163018	9.216339984366556
FGC2639_s_2_1_ACAGTGTATG-GAACATACGG_FGC2639_s_2_2_ACAGTGTATG-GAACATACGG	18.5502	9.326036	66.38889999999999	98.78662193215548	10.354166573981741
FGC2639_s_2_1_ACATATCCAG-TATGTGCAAT_FGC2639_s_2_2_ACATATCCAG-TATGTGCAAT	19.2286	12.071232	68.1218	98.88593872417228	7.848727000101907
FGC2639_s_2_1_ACCACGACAT-TCGTATGCGG_FGC2639_s_2_2_ACCACGACAT-TCGTATGCGG	23.4967	15.221535999999999	67.9535	98.7944400309464	10.8831539376191
FGC2639_s_2_1_ACCGGCCGTA-TGGCAATATT_FGC2639_s_2_2_ACCGGCCGTA-TGGCAATATT	25.013	16.514922	68.2225	98.80491850395426	9.888160560216662
FGC2639_s_2_1_ACCGTTACAA-CTCATAGCGA_FGC2639_s_2_2_ACCGTTACAA-CTCATAGCGA	22.733	12.899023999999999	67.5244	98.941506571287	8.68327271109502
FGC2639_s_2_1_ACGCCTTGTT-TAAGGAACGT_FGC2639_s_2_2_ACGCCTTGTT-TAAGGAACGT	19.4926	13.580981999999999	68.1648	98.81261724055086	8.902111133892475
FGC2639_s_2_1_ACGGTCAGGA-CGGCCTCGTT_FGC2639_s_2_2_ACGGTCAGGA-CGGCCTCGTT	17.25	10.501057999999999	68.0404	98.85989311780408	7.3811338972235605
FGC2639_s_2_1_ACTCGGCAAT-GACAACTGAA_FGC2639_s_2_2_ACTCGGCAAT-GACAACTGAA	21.2158	11.854678	68.3964	98.68056628450876	9.592228005497958
FGC2639_s_2_1_ACTCTATTGT-ATCGCATATG_FGC2639_s_2_2_ACTCTATTGT-ATCGCATATG	19.2892	11.664337999999999	67.7777	98.77486807958734	8.818721021077627
FGC2639_s_2_1_ACTGGATCTA-TCGCCGCTAG_FGC2639_s_2_2_ACTGGATCTA-TCGCCGCTAG	23.2361	12.074658	67.8817	98.78656392682109	9.933358291794077
FGC2639_s_2_1_ACTTCAAGCG-GAACCATGAA_FGC2639_s_2_2_ACTTCAAGCG-GAACCATGAA	13.3693	10.942084	68.03479999999999	98.94861349116279	6.640411996364739
FGC2639_s_2_1_AGAGGCAACC-CTAATGATGG_FGC2639_s_2_2_AGAGGCAACC-CTAATGATGG	64.113	6.869332	49.498	99.73430636247697	18.70898445213101
FGC2639_s_2_1_AGGTCAGATA-CTACAAGATA_FGC2639_s_2_2_AGGTCAGATA-CTACAAGATA	18.3252	7.637852	68.3234	98.92088921215587	13.517455640154111
FGC2639_s_2_1_AGTCAGACGA-ACCAGCGACA_FGC2639_s_2_2_AGTCAGACGA-ACCAGCGACA	19.695	8.41586	68.0681	98.83479634596418	11.473600124391108
FGC2639_s_2_1_AGTGTTGCAC-CTGGTACACG_FGC2639_s_2_2_AGTGTTGCAC-CTGGTACACG	25.983099999999997	12.640282	68.0017	98.67103078483092	6.244066404746721
FGC2639_s_2_1_ATGGTTGACT-GGCCTGTCCT_FGC2639_s_2_2_ATGGTTGACT-GGCCTGTCCT	16.8766	9.030482	68.1096	98.86234454370293	8.533215098966544
FGC2639_s_2_1_ATTCCATAAG-TGCCTGGTGG_FGC2639_s_2_2_ATTCCATAAG-TGCCTGGTGG	20.0742	9.873062	67.8195	98.63218507929086	14.586222949496403
FGC2639_s_2_1_CAATCGGCTG-GCTGTAGGAA_FGC2639_s_2_2_CAATCGGCTG-GCTGTAGGAA	20.4993	11.235418	68.42580000000001	98.83092685094599	9.221272937202166
FGC2639_s_2_1_CACAATAGGA-TCCATCCGAG_FGC2639_s_2_2_CACAATAGGA-TCCATCCGAG	17.3611	8.794286	65.4921	98.75641042341474	15.173921968577753
FGC2639_s_2_1_CAGCCGCGTA-ACTAGCCGTG_FGC2639_s_2_2_CAGCCGCGTA-ACTAGCCGTG	21.5463	12.977202	67.3036	98.81701645635222	7.913568704589006
FGC2639_s_2_1_CAGTGGCACT-TAACAATAGG_FGC2639_s_2_2_CAGTGGCACT-TAACAATAGG	22.0265	15.477863999999999	68.3395	98.83863898036557	5.588576559110534
FGC2639_s_2_1_CATTAGTGCG-TGACTACATA_FGC2639_s_2_2_CATTAGTGCG-TGACTACATA	17.7334	14.121692	68.35520000000001	98.90515585711009	5.872371325591921
FGC2639_s_2_1_CCACCAGGCA-CTTATGGAAT_FGC2639_s_2_2_CCACCAGGCA-CTTATGGAAT	18.6755	9.85034	67.8322	98.74168343045437	11.131582735457206
FGC2639_s_2_1_CCATCATTAG-GGTTGCCTCT_FGC2639_s_2_2_CCATCATTAG-GGTTGCCTCT	14.610600000000002	7.982678	68.5381	98.8481246207759	8.378369676932031
FGC2639_s_2_1_CCATCTCGCC-TTCTATGGTT_FGC2639_s_2_2_CCATCTCGCC-TTCTATGGTT	16.6295	10.401005999999999	68.2376	98.91320121963398	6.606914923664463
FGC2639_s_2_1_CCGTATGTTC-CATACACTGT_FGC2639_s_2_2_CCGTATGTTC-CATACACTGT	15.450800000000001	6.733416	68.0788	98.8811684203663	12.753252612046161
FGC2639_s_2_1_CCTCCGTCCA-CACATCGGTG_FGC2639_s_2_2_CCTCCGTCCA-CACATCGGTG	18.6606	11.174336	66.8866	98.95176622794706	3.935831168957673
FGC2639_s_2_1_CCTCTACATG-GATACCTCCT_FGC2639_s_2_2_CCTCTACATG-GATACCTCCT	18.7635	10.79389	66.6295	98.82872936675172	8.623713972788769
FGC2639_s_2_1_CCTGTCTGTC-ACTGTTGTGA_FGC2639_s_2_2_CCTGTCTGTC-ACTGTTGTGA	18.6006	11.530543999999999	68.262	98.8041237678773	6.668149658306387
FGC2639_s_2_1_CGACATCCGA-TACGTTCATT_FGC2639_s_2_2_CGACATCCGA-TACGTTCATT	16.169800000000002	7.920955999999999	68.37140000000001	98.62415980365205	20.380165190471068
FGC2639_s_2_1_CGAGGCCAAG-GTGTTACCGG_FGC2639_s_2_2_CGAGGCCAAG-GTGTTACCGG	20.9604	11.848854	68.0768	98.83524947678983	8.257336828908395
FGC2639_s_2_1_CGGTTACGGC-AAGACTATAG_FGC2639_s_2_2_CGGTTACGGC-AAGACTATAG	16.0321	7.994593999999999	68.37259999999999	98.8142430259187	9.028656720550252
FGC2639_s_2_1_CGTTATTCTA-CCATAAGGTT_FGC2639_s_2_2_CGTTATTCTA-CCATAAGGTT	20.0101	11.643552	68.1712	98.86044603025735	5.740324608249137
FGC2639_s_2_1_CTAGTGCTCT-TGGAACAGTA_FGC2639_s_2_2_CTAGTGCTCT-TGGAACAGTA	20.3403	12.305169999999999	67.96379999999999	98.87226907798645	14.313019574430063
FGC2639_s_2_1_CTATTACTAC-GAGTCTCTCC_FGC2639_s_2_2_CTATTACTAC-GAGTCTCTCC	18.3494	9.732726	68.09920000000001	98.9029220117378	8.26905766528878
FGC2639_s_2_1_CTGCGAGCCA-AATCCGGCCA_FGC2639_s_2_2_CTGCGAGCCA-AATCCGGCCA	14.5331	11.685884	68.2229	98.78129084405165	7.554654423503249
FGC2639_s_2_1_CTTGCCATTA-ATCACGAAGG_FGC2639_s_2_2_CTTGCCATTA-ATCACGAAGG	18.6084	10.652479999999999	67.8408	99.01303730649084	9.478240049136213
FGC2639_s_2_1_GAACTGAGCG-TCGTGGAGCG_FGC2639_s_2_2_GAACTGAGCG-TCGTGGAGCG	21.7333	8.660852	66.8338	98.81883178422099	17.27080565023811
FGC2639_s_2_1_GAAGCGGCAC-CGGCTCTACT_FGC2639_s_2_2_GAAGCGGCAC-CGGCTCTACT	18.794800000000002	15.750715999999999	68.2209	98.73607273464926	9.877872477909513
FGC2639_s_2_1_GACACCATGT-TCAACGTGTA_FGC2639_s_2_2_GACACCATGT-TCAACGTGTA	17.4438	10.656419999999999	68.1752	98.8665309903186	6.332942187625249
FGC2639_s_2_1_GACTGAGTAG-GTTGATAGTG_FGC2639_s_2_2_GACTGAGTAG-GTTGATAGTG	16.7386	9.344964	67.6284	98.78157296387086	9.678073366080952
FGC2639_s_2_1_GAGAATGGTT-TCGGCAGCAA_FGC2639_s_2_2_GAGAATGGTT-TCGGCAGCAA	18.7346	10.218765999999999	68.3072	98.87279146951805	6.430584370058787
FGC2639_s_2_1_GAGTCATAGG-GTGTGGCGCT_FGC2639_s_2_2_GAGTCATAGG-GTGTGGCGCT	15.518799999999999	9.413248	68.2598	98.66852880745354	7.814869887384786
FGC2639_s_2_1_GATAGGCCGA-CGCACATGGC_FGC2639_s_2_2_GATAGGCCGA-CGCACATGGC	13.399	7.765992	67.72399999999999	98.87746083030162	9.019273612779372
FGC2639_s_2_1_GATCAAGGCA-CCTTGTTAAT_FGC2639_s_2_2_GATCAAGGCA-CCTTGTTAAT	18.4293	8.850947999999999	67.9688	98.70123092343009	18.985272677273514
FGC2639_s_2_1_GCAACATGGA-CTTGTCTTAA_FGC2639_s_2_2_GCAACATGGA-CTTGTCTTAA	17.313100000000002	11.470664	67.9922	98.82352535749301	1.8390622388478894
FGC2639_s_2_1_GCCGCACTCT-TCCGACCTCG_FGC2639_s_2_2_GCCGCACTCT-TCCGACCTCG	18.2252	7.398314	67.7641	98.88594302016236	19.365478054079947
FGC2639_s_2_1_GCGTGGATGG-TTGACCAATG_FGC2639_s_2_2_GCGTGGATGG-TTGACCAATG	20.558799999999998	14.321546	67.90610000000001	98.76828826413197	8.704933039984562
FGC2639_s_2_1_GCGTTGGTAT-ACATACTTCC_FGC2639_s_2_2_GCGTTGGTAT-ACATACTTCC	11.6943	10.568386	67.9129	98.90230684386827	6.901740104188016
FGC2639_s_2_1_GGAGCGTGTA-ATCCGTAAGT_FGC2639_s_2_2_GGAGCGTGTA-ATCCGTAAGT	20.1417	10.711176	67.70859999999999	98.95161603228185	12.19458163120135
FGC2639_s_2_1_GGCAAGCCAG-CAAGCATCCG_FGC2639_s_2_2_GGCAAGCCAG-CAAGCATCCG	17.4733	9.46739	68.1237	98.90111152873907	6.682669315342506
FGC2639_s_2_1_GGTAACTCGC-AAGTTGGTGA_FGC2639_s_2_2_GGTAACTCGC-AAGTTGGTGA	21.0195	9.728883999999999	66.9384	98.85409575213937	11.676200966097184
FGC2639_s_2_1_GGTTGCGAGG-AATAGAGCAA_FGC2639_s_2_2_GGTTGCGAGG-AATAGAGCAA	17.1353	10.404036	67.99119999999999	98.5907933347396	7.569707448658387
FGC2639_s_2_1_GTATTCCACC-ATGTAGACAA_FGC2639_s_2_2_GTATTCCACC-ATGTAGACAA	18.3131	9.78028	67.1171	98.94960614530282	4.298782023900603
FGC2639_s_2_1_GTCCGTAAGC-CGTGTATCTT_FGC2639_s_2_2_GTCCGTAAGC-CGTGTATCTT	13.3533	10.27416	67.8437	98.8089827257198	7.034255234803763
FGC2639_s_2_1_GTCCTGGATA-CGGTGGCGAA_FGC2639_s_2_2_GTCCTGGATA-CGGTGGCGAA	24.0424	13.080414	66.3504	98.97302843341551	17.937612646355138
FGC2639_s_2_1_GTCTAATGGC-AGTGGTCAGG_FGC2639_s_2_2_GTCTAATGGC-AGTGGTCAGG	16.653100000000002	9.335986	68.2093	98.81809737195967	7.751368382903342
FGC2639_s_2_1_GTGACACGCA-GCTTACGGAC_FGC2639_s_2_2_GTGACACGCA-GCTTACGGAC	16.456200000000003	7.570659999999999	67.7924	98.93693235473155	12.250931324413495
FGC2639_s_2_1_GTGCAGACAG-TACCATCCGT_FGC2639_s_2_2_GTGCAGACAG-TACCATCCGT	18.4739	10.634464	68.30420000000001	98.90336816655814	7.866390113889225
FGC2639_s_2_1_TAAGCATCCA-TCAATCCATT_FGC2639_s_2_2_TAAGCATCCA-TCAATCCATT	17.319200000000002	8.31002	66.2502	98.74993107722962	11.712497932316888
FGC2639_s_2_1_TAGCATAACC-GCTATGCGCA_FGC2639_s_2_2_TAGCATAACC-GCTATGCGCA	15.9998	10.25886	68.1912	98.81645952717716	7.357808889692009
FGC2639_s_2_1_TAGTTCGGTA-CCATGTGTAG_FGC2639_s_2_2_TAGTTCGGTA-CCATGTGTAG	16.7123	10.043543999999999	68.3643	98.72799850269499	5.898685768839384
FGC2639_s_2_1_TATGCCTTAC-AGACACATTA_FGC2639_s_2_2_TATGCCTTAC-AGACACATTA	19.533	12.554065999999999	68.0315	98.70805873075031	10.463612504108227
FGC2639_s_2_1_TATGTAGTCA-CGCACTAATG_FGC2639_s_2_2_TATGTAGTCA-CGCACTAATG	16.930400000000002	13.20314	67.45870000000001	98.86716192326978	8.950921432478106
FGC2639_s_2_1_TATTGCGCTC-CTGTGTTAGG_FGC2639_s_2_2_TATTGCGCTC-CTGTGTTAGG	16.3161	9.364662	68.2264	98.74695971758932	12.238653812613789
FGC2639_s_2_1_TCAGAAGGCG-GGCCATCATA_FGC2639_s_2_2_TCAGAAGGCG-GGCCATCATA	14.6034	9.502008	68.1389	98.8471243437938	6.870171038045812
FGC2639_s_2_1_TCATAGATTG-GATTAAGGTG_FGC2639_s_2_2_TCATAGATTG-GATTAAGGTG	18.8165	13.514966	68.3771	98.92475872984828	4.380617461863183
FGC2639_s_2_1_TCCATTGCCG-GAATGCACGA_FGC2639_s_2_2_TCCATTGCCG-GAATGCACGA	17.275399999999998	7.856401999999999	68.1863	98.85875322035793	10.285666541421786
FGC2639_s_2_1_TCTCATGATA-AACACGTGGA_FGC2639_s_2_2_TCTCATGATA-AACACGTGGA	26.077299999999997	12.906709999999999	68.2664	98.89965815366196	8.61237911013288
FGC2639_s_2_1_TCTGGTATCC-CGTTGCTTAC_FGC2639_s_2_2_TCTGGTATCC-CGTTGCTTAC	38.7007	10.008244	68.21589999999999	98.98881160934	6.668466779025328
FGC2639_s_2_1_TGATGTAAGA-GTGCGTCCTT_FGC2639_s_2_2_TGATGTAAGA-GTGCGTCCTT	20.224600000000002	11.980502	68.3511	98.93558687815643	7.810034455888634
FGC2639_s_2_1_TGATTATACG-GTCGATTACA_FGC2639_s_2_2_TGATTATACG-GTCGATTACA	17.1156	10.449957999999999	68.2558	98.77335290282345	9.298343417707855
FGC2639_s_2_1_TGGTACCTAA-CATGAGTACT_FGC2639_s_2_2_TGGTACCTAA-CATGAGTACT	21.925800000000002	11.430399999999999	68.1465	98.64051717234199	12.450897208959386
FGC2639_s_2_1_TGTAATCGAC-GATCACCGCG_FGC2639_s_2_2_TGTAATCGAC-GATCACCGCG	22.9727	11.147822	67.2545	98.79053219242094	14.388856306752512
FGC2639_s_2_1_TGTCGCTGGT-TCGTCTGACT_FGC2639_s_2_2_TGTCGCTGGT-TCGTCTGACT	19.869	11.286204	68.345	98.75108299613386	8.528908450143504
FGC2639_s_2_1_TTCACGAGAC-AGATTGTTAC_FGC2639_s_2_2_TTCACGAGAC-AGATTGTTAC	16.6918	11.351072	68.4292	98.69544765679139	7.040972566995707
FGC2639_s_2_1_TTCTACATAC-CTAACTGTAA_FGC2639_s_2_2_TTCTACATAC-CTAACTGTAA	20.336199999999998	10.617227999999999	68.1011	98.94986964471077	12.092743403343889
FGC2639_s_2_1_TTGGAATTCC-ACGTCAATAC_FGC2639_s_2_2_TTGGAATTCC-ACGTCAATAC	19.4023	10.204087999999999	67.1542	98.93532008945598	7.771067737920231
