contrast	Downregulated	Upregulated	Unchanged
HHQ_inf_t3vDMSO_inf_t3	612	303	27146
HHQ_cntl_t3vDMSO_cntl_t3	633	274	27154
HHQ_inf_t2vDMSO_inf_t2	494	247	27320
HHQ_cntl_t2vDMSO_cntl_t2	465	263	27333
HHQ_cntl_t4vDMSO_cntl_t4	254	309	27498
HHQ_inf_t4vDMSO_inf_t4	229	302	27530
DMSO_inf_t4vDMSO_cntl_t4	20	43	27998
HHQ_inf_t1vDMSO_inf_t1	19	22	28020
HHQ_inf_t4vHHQ_cntl_t4	21	13	28027
HHQ_inf_t1vHHQ_cntl_t1	17	14	28030
HHQ_inf_t2vHHQ_cntl_t2	17	13	28031
HHQ_inf_t3vHHQ_cntl_t3	11	12	28038
DMSO_inf_t2vDMSO_cntl_t2	4	17	28040
HHQ_cntl_t1vDMSO_cntl_t1	12	8	28041
DMSO_inf_t3vDMSO_cntl_t3	9	10	28042
DMSO_inf_t1vDMSO_cntl_t1	9	7	28045
